,guest,hotel
0,guest_1,hotel_22
1,guest_2,hotel_26
2,guest_3,hotel_6
3,guest_4,hotel_321
4,guest_5,hotel_121
5,guest_6,hotel_49
6,guest_7,hotel_354
7,guest_8,hotel_354
8,guest_9,hotel_321
9,guest_10,hotel_350
10,guest_11,hotel_301
11,guest_12,hotel_249
12,guest_13,hotel_190
13,guest_14,hotel_242
14,guest_15,hotel_279
15,guest_16,hotel_110
16,guest_17,hotel_144
17,guest_18,hotel_6
18,guest_19,hotel_90
19,guest_20,hotel_365
20,guest_21,hotel_330
21,guest_22,hotel_208
22,guest_23,hotel_24
23,guest_24,hotel_157
24,guest_25,hotel_203
25,guest_26,hotel_15
26,guest_27,hotel_88
27,guest_28,hotel_262
28,guest_29,hotel_365
29,guest_30,hotel_357
30,guest_31,hotel_321
31,guest_32,hotel_320
32,guest_33,hotel_104
33,guest_34,hotel_321
34,guest_35,hotel_22
35,guest_36,hotel_360
36,guest_37,hotel_354
37,guest_38,hotel_88
38,guest_39,hotel_190
39,guest_40,hotel_242
40,guest_41,hotel_262
41,guest_42,hotel_24
42,guest_43,hotel_242
43,guest_44,hotel_17
44,guest_45,hotel_49
45,guest_46,hotel_247
46,guest_47,hotel_167
47,guest_48,hotel_135
48,guest_49,hotel_167
49,guest_50,hotel_35
50,guest_51,hotel_29
51,guest_52,hotel_49
52,guest_53,hotel_16
53,guest_54,hotel_301
54,guest_55,hotel_49
55,guest_56,hotel_15
56,guest_57,hotel_354
57,guest_58,hotel_15
58,guest_59,hotel_339
59,guest_60,hotel_198
60,guest_61,hotel_134
61,guest_62,hotel_336
62,guest_63,hotel_22
63,guest_64,hotel_121
64,guest_65,hotel_15
65,guest_66,hotel_15
66,guest_67,hotel_397
67,guest_68,hotel_337
68,guest_69,hotel_47
69,guest_70,hotel_24
70,guest_71,hotel_242
71,guest_72,hotel_295
72,guest_73,hotel_212
73,guest_74,hotel_387
74,guest_75,hotel_26
75,guest_76,hotel_47
76,guest_77,hotel_350
77,guest_78,hotel_47
78,guest_79,hotel_157
79,guest_80,hotel_121
80,guest_81,hotel_190
81,guest_82,hotel_22
82,guest_83,hotel_365
83,guest_84,hotel_113
84,guest_85,hotel_354
85,guest_86,hotel_59
86,guest_87,hotel_350
87,guest_88,hotel_121
88,guest_89,hotel_30
89,guest_90,hotel_397
90,guest_91,hotel_167
91,guest_92,hotel_49
92,guest_93,hotel_160
93,guest_94,hotel_92
94,guest_95,hotel_301
95,guest_96,hotel_26
96,guest_97,hotel_49
97,guest_98,hotel_24
98,guest_99,hotel_121
99,guest_100,hotel_365
100,guest_101,hotel_47
101,guest_102,hotel_338
102,guest_103,hotel_320
103,guest_104,hotel_350
104,guest_105,hotel_251
105,guest_106,hotel_208
106,guest_107,hotel_24
107,guest_108,hotel_354
108,guest_109,hotel_24
109,guest_110,hotel_102
110,guest_111,hotel_23
111,guest_112,hotel_321
112,guest_113,hotel_242
113,guest_114,hotel_397
114,guest_115,hotel_121
115,guest_116,hotel_320
116,guest_117,hotel_320
117,guest_118,hotel_7
118,guest_119,hotel_190
119,guest_120,hotel_249
120,guest_121,hotel_47
121,guest_122,hotel_354
122,guest_123,hotel_365
123,guest_124,hotel_144
124,guest_125,hotel_144
125,guest_126,hotel_26
126,guest_127,hotel_252
127,guest_128,hotel_49
128,guest_129,hotel_273
129,guest_130,hotel_53
130,guest_131,hotel_190
131,guest_132,hotel_242
132,guest_133,hotel_354
133,guest_134,hotel_354
134,guest_135,hotel_321
135,guest_136,hotel_6
136,guest_137,hotel_23
137,guest_138,hotel_167
138,guest_139,hotel_249
139,guest_140,hotel_53
140,guest_141,hotel_30
141,guest_142,hotel_190
142,guest_143,hotel_6
143,guest_144,hotel_23
144,guest_145,hotel_24
145,guest_146,hotel_365
146,guest_147,hotel_260
147,guest_148,hotel_242
148,guest_149,hotel_301
149,guest_150,hotel_109
150,guest_151,hotel_242
151,guest_152,hotel_190
152,guest_153,hotel_174
153,guest_154,hotel_271
154,guest_155,hotel_53
155,guest_156,hotel_365
156,guest_157,hotel_134
157,guest_158,hotel_350
158,guest_159,hotel_49
159,guest_160,hotel_249
160,guest_161,hotel_321
161,guest_162,hotel_157
162,guest_163,hotel_102
163,guest_164,hotel_23
164,guest_165,hotel_22
165,guest_166,hotel_279
166,guest_167,hotel_24
167,guest_168,hotel_321
168,guest_169,hotel_344
169,guest_170,hotel_273
170,guest_171,hotel_201
171,guest_172,hotel_49
172,guest_173,hotel_334
173,guest_174,hotel_53
174,guest_175,hotel_350
175,guest_176,hotel_218
176,guest_177,hotel_252
177,guest_178,hotel_23
178,guest_179,hotel_192
179,guest_180,hotel_279
180,guest_181,hotel_318
181,guest_182,hotel_249
182,guest_183,hotel_249
183,guest_184,hotel_102
184,guest_185,hotel_167
185,guest_186,hotel_301
186,guest_187,hotel_365
187,guest_188,hotel_6
188,guest_189,hotel_354
189,guest_190,hotel_53
190,guest_191,hotel_49
191,guest_192,hotel_190
192,guest_193,hotel_26
193,guest_194,hotel_21
194,guest_195,hotel_242
195,guest_196,hotel_102
196,guest_197,hotel_195
197,guest_198,hotel_53
198,guest_199,hotel_321
199,guest_200,hotel_24
200,guest_201,hotel_167
201,guest_202,hotel_47
202,guest_203,hotel_49
203,guest_204,hotel_49
204,guest_205,hotel_224
205,guest_206,hotel_354
206,guest_207,hotel_301
207,guest_208,hotel_305
208,guest_209,hotel_160
209,guest_210,hotel_354
210,guest_211,hotel_102
211,guest_212,hotel_92
212,guest_213,hotel_157
213,guest_214,hotel_23
214,guest_215,hotel_262
215,guest_216,hotel_160
216,guest_217,hotel_53
217,guest_218,hotel_94
218,guest_219,hotel_190
219,guest_220,hotel_167
220,guest_221,hotel_49
221,guest_222,hotel_305
222,guest_223,hotel_160
223,guest_224,hotel_160
224,guest_225,hotel_61
225,guest_226,hotel_121
226,guest_227,hotel_321
227,guest_228,hotel_53
228,guest_229,hotel_167
229,guest_230,hotel_279
230,guest_231,hotel_214
231,guest_232,hotel_112
232,guest_233,hotel_360
233,guest_234,hotel_6
234,guest_235,hotel_190
235,guest_236,hotel_320
236,guest_237,hotel_321
237,guest_238,hotel_295
238,guest_239,hotel_49
239,guest_240,hotel_78
240,guest_241,hotel_321
241,guest_242,hotel_22
242,guest_243,hotel_49
243,guest_244,hotel_49
244,guest_245,hotel_268
245,guest_246,hotel_273
246,guest_247,hotel_321
247,guest_248,hotel_167
248,guest_249,hotel_172
249,guest_250,hotel_155
250,guest_251,hotel_247
251,guest_252,hotel_242
252,guest_253,hotel_320
253,guest_254,hotel_23
254,guest_255,hotel_109
255,guest_256,hotel_349
256,guest_257,hotel_121
257,guest_258,hotel_47
258,guest_259,hotel_23
259,guest_260,hotel_23
260,guest_261,hotel_22
261,guest_262,hotel_350
262,guest_263,hotel_49
263,guest_264,hotel_109
264,guest_265,hotel_174
265,guest_266,hotel_144
266,guest_267,hotel_283
267,guest_268,hotel_145
268,guest_269,hotel_47
269,guest_270,hotel_390
270,guest_271,hotel_26
271,guest_272,hotel_321
272,guest_273,hotel_321
273,guest_274,hotel_256
274,guest_275,hotel_339
275,guest_276,hotel_249
276,guest_277,hotel_350
277,guest_278,hotel_23
278,guest_279,hotel_16
279,guest_280,hotel_242
280,guest_281,hotel_242
281,guest_282,hotel_320
282,guest_283,hotel_26
283,guest_284,hotel_144
284,guest_285,hotel_249
285,guest_286,hotel_49
286,guest_287,hotel_153
287,guest_288,hotel_160
288,guest_289,hotel_320
289,guest_290,hotel_22
290,guest_291,hotel_305
291,guest_292,hotel_372
292,guest_293,hotel_23
293,guest_294,hotel_53
294,guest_295,hotel_23
295,guest_296,hotel_23
296,guest_297,hotel_22
297,guest_298,hotel_135
298,guest_299,hotel_305
299,guest_300,hotel_26
300,guest_301,hotel_247
301,guest_302,hotel_252
302,guest_303,hotel_192
303,guest_304,hotel_155
304,guest_305,hotel_120
305,guest_306,hotel_365
306,guest_307,hotel_121
307,guest_308,hotel_23
308,guest_309,hotel_183
309,guest_310,hotel_347
310,guest_311,hotel_7
311,guest_312,hotel_320
312,guest_313,hotel_120
313,guest_314,hotel_144
314,guest_315,hotel_155
315,guest_316,hotel_350
316,guest_317,hotel_26
317,guest_318,hotel_255
318,guest_319,hotel_6
319,guest_320,hotel_137
320,guest_321,hotel_6
321,guest_322,hotel_121
322,guest_323,hotel_23
323,guest_324,hotel_221
324,guest_325,hotel_286
325,guest_326,hotel_155
326,guest_327,hotel_121
327,guest_328,hotel_135
328,guest_329,hotel_145
329,guest_330,hotel_144
330,guest_331,hotel_203
331,guest_332,hotel_249
332,guest_333,hotel_330
333,guest_334,hotel_53
334,guest_335,hotel_47
335,guest_336,hotel_104
336,guest_337,hotel_211
337,guest_338,hotel_134
338,guest_339,hotel_280
339,guest_340,hotel_49
340,guest_341,hotel_268
341,guest_342,hotel_121
342,guest_343,hotel_112
343,guest_344,hotel_242
344,guest_345,hotel_155
345,guest_346,hotel_365
346,guest_347,hotel_350
347,guest_348,hotel_47
348,guest_349,hotel_53
349,guest_350,hotel_134
350,guest_351,hotel_283
351,guest_352,hotel_7
352,guest_353,hotel_53
353,guest_354,hotel_128
354,guest_355,hotel_249
355,guest_356,hotel_144
356,guest_357,hotel_47
357,guest_358,hotel_232
358,guest_359,hotel_365
359,guest_360,hotel_247
360,guest_361,hotel_22
361,guest_362,hotel_174
362,guest_363,hotel_47
363,guest_364,hotel_365
364,guest_365,hotel_47
365,guest_366,hotel_224
366,guest_367,hotel_92
367,guest_368,hotel_134
368,guest_369,hotel_53
369,guest_370,hotel_155
370,guest_371,hotel_22
371,guest_372,hotel_144
372,guest_373,hotel_174
373,guest_374,hotel_189
374,guest_375,hotel_397
375,guest_376,hotel_26
376,guest_377,hotel_351
377,guest_378,hotel_22
378,guest_379,hotel_22
379,guest_380,hotel_6
380,guest_381,hotel_189
381,guest_382,hotel_7
382,guest_383,hotel_135
383,guest_384,hotel_309
384,guest_385,hotel_397
385,guest_386,hotel_246
386,guest_387,hotel_144
387,guest_388,hotel_144
388,guest_389,hotel_77
389,guest_390,hotel_174
390,guest_391,hotel_339
391,guest_392,hotel_121
392,guest_393,hotel_47
393,guest_394,hotel_249
394,guest_395,hotel_53
395,guest_396,hotel_283
396,guest_397,hotel_120
397,guest_398,hotel_249
398,guest_399,hotel_273
399,guest_400,hotel_92
400,guest_401,hotel_397
401,guest_402,hotel_121
402,guest_403,hotel_174
403,guest_404,hotel_279
404,guest_405,hotel_350
405,guest_406,hotel_121
406,guest_407,hotel_144
407,guest_408,hotel_350
408,guest_409,hotel_157
409,guest_410,hotel_134
410,guest_411,hotel_252
411,guest_412,hotel_249
412,guest_413,hotel_2
413,guest_414,hotel_365
414,guest_415,hotel_150
415,guest_416,hotel_252
416,guest_417,hotel_22
417,guest_418,hotel_247
418,guest_419,hotel_26
419,guest_420,hotel_109
420,guest_421,hotel_102
421,guest_422,hotel_6
422,guest_423,hotel_249
423,guest_424,hotel_249
424,guest_425,hotel_189
425,guest_426,hotel_144
426,guest_427,hotel_53
427,guest_428,hotel_47
428,guest_429,hotel_365
429,guest_430,hotel_26
430,guest_431,hotel_247
431,guest_432,hotel_273
432,guest_433,hotel_247
433,guest_434,hotel_26
434,guest_435,hotel_53
435,guest_436,hotel_360
436,guest_437,hotel_104
437,guest_438,hotel_135
438,guest_439,hotel_238
439,guest_440,hotel_22
440,guest_441,hotel_249
441,guest_442,hotel_174
442,guest_443,hotel_53
443,guest_444,hotel_219
444,guest_445,hotel_129
445,guest_446,hotel_53
446,guest_447,hotel_26
447,guest_448,hotel_112
448,guest_449,hotel_177
449,guest_450,hotel_53
450,guest_451,hotel_252
451,guest_452,hotel_144
452,guest_453,hotel_339
453,guest_454,hotel_135
454,guest_455,hotel_247
455,guest_456,hotel_26
456,guest_457,hotel_135
457,guest_458,hotel_26
458,guest_459,hotel_211
459,guest_460,hotel_397
460,guest_461,hotel_26
461,guest_462,hotel_40
462,guest_463,hotel_279
463,guest_464,hotel_26
464,guest_465,hotel_279
465,guest_466,hotel_155
466,guest_467,hotel_329
467,guest_468,hotel_92
468,guest_469,hotel_305
469,guest_470,hotel_88
470,guest_471,hotel_337
471,guest_472,hotel_194
472,guest_473,hotel_26
473,guest_474,hotel_192
474,guest_475,hotel_134
475,guest_476,hotel_252
476,guest_477,hotel_77
477,guest_478,hotel_238
478,guest_479,hotel_273
479,guest_480,hotel_135
480,guest_481,hotel_7
481,guest_482,hotel_109
482,guest_483,hotel_153
483,guest_484,hotel_252
484,guest_485,hotel_92
485,guest_486,hotel_163
486,guest_487,hotel_192
487,guest_488,hotel_144
488,guest_489,hotel_174
489,guest_490,hotel_214
490,guest_491,hotel_252
491,guest_492,hotel_273
492,guest_493,hotel_397
493,guest_494,hotel_92
494,guest_495,hotel_157
495,guest_496,hotel_204
496,guest_497,hotel_170
497,guest_498,hotel_305
498,guest_499,hotel_144
499,guest_500,hotel_174
500,guest_501,hotel_109
501,guest_502,hotel_247
502,guest_503,hotel_273
503,guest_504,hotel_262
504,guest_505,hotel_247
505,guest_506,hotel_252
506,guest_507,hotel_247
507,guest_508,hotel_22
508,guest_509,hotel_305
509,guest_510,hotel_387
510,guest_511,hotel_224
511,guest_512,hotel_109
512,guest_513,hotel_259
513,guest_514,hotel_70
514,guest_515,hotel_252
515,guest_516,hotel_134
516,guest_517,hotel_268
517,guest_518,hotel_283
518,guest_519,hotel_173
519,guest_520,hotel_241
520,guest_521,hotel_160
521,guest_522,hotel_120
522,guest_523,hotel_52
523,guest_524,hotel_104
524,guest_525,hotel_252
525,guest_526,hotel_224
526,guest_527,hotel_360
527,guest_528,hotel_305
528,guest_529,hotel_195
529,guest_530,hotel_273
530,guest_531,hotel_109
531,guest_532,hotel_7
532,guest_533,hotel_7
533,guest_534,hotel_305
534,guest_535,hotel_153
535,guest_536,hotel_360
536,guest_537,hotel_120
537,guest_538,hotel_171
538,guest_539,hotel_7
539,guest_540,hotel_283
540,guest_541,hotel_22
541,guest_542,hotel_144
542,guest_543,hotel_61
543,guest_544,hotel_196
544,guest_545,hotel_102
545,guest_546,hotel_174
546,guest_547,hotel_262
547,guest_548,hotel_247
548,guest_549,hotel_247
549,guest_550,hotel_45
550,guest_551,hotel_174
551,guest_552,hotel_238
552,guest_553,hotel_252
553,guest_554,hotel_337
554,guest_555,hotel_144
555,guest_556,hotel_174
556,guest_557,hotel_351
557,guest_558,hotel_7
558,guest_559,hotel_120
559,guest_560,hotel_134
560,guest_561,hotel_71
561,guest_562,hotel_273
562,guest_563,hotel_143
563,guest_564,hotel_247
564,guest_565,hotel_174
565,guest_566,hotel_150
566,guest_567,hotel_109
567,guest_568,hotel_243
568,guest_569,hotel_109
569,guest_570,hotel_389
570,guest_571,hotel_109
571,guest_572,hotel_7
572,guest_573,hotel_40
573,guest_574,hotel_7
574,guest_575,hotel_112
575,guest_576,hotel_273
576,guest_577,hotel_160
577,guest_578,hotel_214
578,guest_579,hotel_280
579,guest_580,hotel_104
580,guest_581,hotel_295
581,guest_582,hotel_134
582,guest_583,hotel_102
583,guest_584,hotel_177
584,guest_585,hotel_318
585,guest_586,hotel_112
586,guest_587,hotel_160
587,guest_588,hotel_129
588,guest_589,hotel_273
589,guest_590,hotel_104
590,guest_591,hotel_104
591,guest_592,hotel_104
592,guest_593,hotel_102
593,guest_594,hotel_177
594,guest_595,hotel_224
595,guest_596,hotel_160
596,guest_597,hotel_280
597,guest_598,hotel_273
598,guest_599,hotel_120
599,guest_600,hotel_79
600,guest_601,hotel_330
601,guest_602,hotel_283
602,guest_603,hotel_273
603,guest_604,hotel_273
604,guest_605,hotel_30
605,guest_606,hotel_268
606,guest_607,hotel_88
607,guest_608,hotel_129
608,guest_609,hotel_189
609,guest_610,hotel_316
610,guest_611,hotel_104
611,guest_612,hotel_295
612,guest_613,hotel_295
613,guest_614,hotel_160
614,guest_615,hotel_295
615,guest_616,hotel_238
616,guest_617,hotel_153
617,guest_618,hotel_150
618,guest_619,hotel_397
619,guest_620,hotel_120
620,guest_621,hotel_397
621,guest_622,hotel_189
622,guest_623,hotel_262
623,guest_624,hotel_280
624,guest_625,hotel_102
625,guest_626,hotel_337
626,guest_627,hotel_150
627,guest_628,hotel_264
628,guest_629,hotel_334
629,guest_630,hotel_305
630,guest_631,hotel_105
631,guest_632,hotel_77
632,guest_633,hotel_125
633,guest_634,hotel_224
634,guest_635,hotel_268
635,guest_636,hotel_214
636,guest_637,hotel_61
637,guest_638,hotel_88
638,guest_639,hotel_102
639,guest_640,hotel_268
640,guest_641,hotel_120
641,guest_642,hotel_177
642,guest_643,hotel_339
643,guest_644,hotel_235
644,guest_645,hotel_102
645,guest_646,hotel_339
646,guest_647,hotel_79
647,guest_648,hotel_262
648,guest_649,hotel_280
649,guest_650,hotel_150
650,guest_651,hotel_268
651,guest_652,hotel_189
652,guest_653,hotel_339
653,guest_654,hotel_283
654,guest_655,hotel_56
655,guest_656,hotel_387
656,guest_657,hotel_337
657,guest_658,hotel_88
658,guest_659,hotel_397
659,guest_660,hotel_280
660,guest_661,hotel_339
661,guest_662,hotel_189
662,guest_663,hotel_283
663,guest_664,hotel_241
664,guest_665,hotel_102
665,guest_666,hotel_77
666,guest_667,hotel_256
667,guest_668,hotel_283
668,guest_669,hotel_172
669,guest_670,hotel_397
670,guest_671,hotel_102
671,guest_672,hotel_339
672,guest_673,hotel_387
673,guest_674,hotel_55
674,guest_675,hotel_219
675,guest_676,hotel_108
676,guest_677,hotel_45
677,guest_678,hotel_214
678,guest_679,hotel_268
679,guest_680,hotel_196
680,guest_681,hotel_337
681,guest_682,hotel_90
682,guest_683,hotel_90
683,guest_684,hotel_256
684,guest_685,hotel_195
685,guest_686,hotel_211
686,guest_687,hotel_280
687,guest_688,hotel_344
688,guest_689,hotel_268
689,guest_690,hotel_79
690,guest_691,hotel_153
691,guest_692,hotel_120
692,guest_693,hotel_387
693,guest_694,hotel_189
694,guest_695,hotel_268
695,guest_696,hotel_151
696,guest_697,hotel_204
697,guest_698,hotel_305
698,guest_699,hotel_189
699,guest_700,hotel_224
700,guest_701,hotel_337
701,guest_702,hotel_268
702,guest_703,hotel_262
703,guest_704,hotel_251
704,guest_705,hotel_334
705,guest_706,hotel_120
706,guest_707,hotel_120
707,guest_708,hotel_309
708,guest_709,hotel_305
709,guest_710,hotel_256
710,guest_711,hotel_12
711,guest_712,hotel_238
712,guest_713,hotel_129
713,guest_714,hotel_79
714,guest_715,hotel_120
715,guest_716,hotel_268
716,guest_717,hotel_112
717,guest_718,hotel_330
718,guest_719,hotel_77
719,guest_720,hotel_79
720,guest_721,hotel_269
721,guest_722,hotel_108
722,guest_723,hotel_268
723,guest_724,hotel_224
724,guest_725,hotel_163
725,guest_726,hotel_291
726,guest_727,hotel_337
727,guest_728,hotel_102
728,guest_730,hotel_348
729,guest_731,hotel_268
730,guest_732,hotel_219
731,guest_733,hotel_280
732,guest_734,hotel_88
733,guest_735,hotel_256
734,guest_736,hotel_88
735,guest_737,hotel_262
736,guest_738,hotel_305
737,guest_739,hotel_207
738,guest_740,hotel_334
739,guest_741,hotel_295
740,guest_742,hotel_337
741,guest_743,hotel_360
742,guest_744,hotel_113
743,guest_745,hotel_224
744,guest_746,hotel_219
745,guest_747,hotel_262
746,guest_748,hotel_305
747,guest_749,hotel_224
748,guest_750,hotel_137
749,guest_751,hotel_360
750,guest_752,hotel_153
751,guest_753,hotel_110
752,guest_754,hotel_305
753,guest_755,hotel_389
754,guest_756,hotel_295
755,guest_757,hotel_208
756,guest_758,hotel_262
757,guest_759,hotel_2
758,guest_760,hotel_77
759,guest_761,hotel_17
760,guest_762,hotel_339
761,guest_763,hotel_28
762,guest_764,hotel_137
763,guest_765,hotel_360
764,guest_766,hotel_177
765,guest_767,hotel_165
766,guest_768,hotel_173
767,guest_769,hotel_129
768,guest_770,hotel_337
769,guest_771,hotel_280
770,guest_772,hotel_204
771,guest_773,hotel_192
772,guest_775,hotel_385
773,guest_776,hotel_4
774,guest_777,hotel_204
775,guest_778,hotel_129
776,guest_779,hotel_189
777,guest_780,hotel_214
778,guest_781,hotel_294
779,guest_782,hotel_30
780,guest_783,hotel_305
781,guest_784,hotel_238
782,guest_785,hotel_137
783,guest_786,hotel_295
784,guest_787,hotel_360
785,guest_788,hotel_262
786,guest_789,hotel_389
787,guest_790,hotel_189
788,guest_791,hotel_241
789,guest_792,hotel_360
790,guest_793,hotel_170
791,guest_794,hotel_400
792,guest_795,hotel_86
793,guest_796,hotel_150
794,guest_797,hotel_280
795,guest_798,hotel_59
796,guest_799,hotel_305
797,guest_800,hotel_296
798,guest_801,hotel_189
799,guest_802,hotel_177
800,guest_803,hotel_360
801,guest_804,hotel_387
802,guest_805,hotel_189
803,guest_806,hotel_170
804,guest_807,hotel_368
805,guest_808,hotel_256
806,guest_809,hotel_360
807,guest_810,hotel_305
808,guest_811,hotel_296
809,guest_812,hotel_384
810,guest_813,hotel_238
811,guest_814,hotel_145
812,guest_815,hotel_77
813,guest_816,hotel_262
814,guest_817,hotel_262
815,guest_818,hotel_189
816,guest_819,hotel_360
817,guest_820,hotel_77
818,guest_821,hotel_129
819,guest_822,hotel_150
820,guest_823,hotel_330
821,guest_824,hotel_262
822,guest_825,hotel_31
823,guest_826,hotel_177
824,guest_827,hotel_136
825,guest_828,hotel_295
826,guest_829,hotel_113
827,guest_830,hotel_211
828,guest_831,hotel_192
829,guest_832,hotel_389
830,guest_833,hotel_280
831,guest_834,hotel_189
832,guest_835,hotel_280
833,guest_836,hotel_2
834,guest_837,hotel_192
835,guest_838,hotel_214
836,guest_839,hotel_177
837,guest_840,hotel_224
838,guest_841,hotel_76
839,guest_842,hotel_219
840,guest_843,hotel_291
841,guest_844,hotel_208
842,guest_845,hotel_198
843,guest_846,hotel_208
844,guest_847,hotel_214
845,guest_848,hotel_153
846,guest_849,hotel_296
847,guest_850,hotel_88
848,guest_851,hotel_137
849,guest_852,hotel_238
850,guest_853,hotel_163
851,guest_854,hotel_175
852,guest_855,hotel_224
853,guest_856,hotel_208
854,guest_857,hotel_204
855,guest_858,hotel_181
856,guest_859,hotel_125
857,guest_860,hotel_198
858,guest_861,hotel_241
859,guest_862,hotel_173
860,guest_863,hotel_173
861,guest_864,hotel_29
862,guest_865,hotel_334
863,guest_866,hotel_112
864,guest_867,hotel_189
865,guest_868,hotel_289
866,guest_869,hotel_241
867,guest_870,hotel_137
868,guest_871,hotel_65
869,guest_872,hotel_224
870,guest_873,hotel_137
871,guest_874,hotel_391
872,guest_875,hotel_88
873,guest_876,hotel_189
874,guest_877,hotel_295
875,guest_878,hotel_295
876,guest_879,hotel_137
877,guest_880,hotel_344
878,guest_881,hotel_224
879,guest_882,hotel_214
880,guest_883,hotel_88
881,guest_884,hotel_112
882,guest_885,hotel_334
883,guest_886,hotel_153
884,guest_887,hotel_137
885,guest_888,hotel_291
886,guest_889,hotel_203
887,guest_890,hotel_241
888,guest_891,hotel_295
889,guest_892,hotel_224
890,guest_893,hotel_113
891,guest_894,hotel_77
892,guest_895,hotel_129
893,guest_896,hotel_129
894,guest_897,hotel_195
895,guest_898,hotel_398
896,guest_899,hotel_173
897,guest_900,hotel_40
898,guest_901,hotel_77
899,guest_902,hotel_77
900,guest_903,hotel_137
901,guest_904,hotel_70
902,guest_905,hotel_45
903,guest_906,hotel_224
904,guest_907,hotel_204
905,guest_908,hotel_196
906,guest_909,hotel_77
907,guest_910,hotel_189
908,guest_911,hotel_170
909,guest_912,hotel_309
910,guest_913,hotel_295
911,guest_914,hotel_198
912,guest_915,hotel_241
913,guest_916,hotel_158
914,guest_917,hotel_387
915,guest_918,hotel_296
916,guest_919,hotel_153
917,guest_920,hotel_380
918,guest_921,hotel_296
919,guest_922,hotel_129
920,guest_923,hotel_58
921,guest_924,hotel_349
922,guest_925,hotel_373
923,guest_926,hotel_175
924,guest_927,hotel_208
925,guest_928,hotel_173
926,guest_929,hotel_33
927,guest_930,hotel_173
928,guest_931,hotel_30
929,guest_932,hotel_389
930,guest_933,hotel_291
931,guest_934,hotel_70
932,guest_935,hotel_194
933,guest_936,hotel_366
934,guest_937,hotel_295
935,guest_938,hotel_170
936,guest_939,hotel_241
937,guest_940,hotel_165
938,guest_941,hotel_198
939,guest_942,hotel_334
940,guest_943,hotel_246
941,guest_944,hotel_218
942,guest_945,hotel_256
943,guest_946,hotel_243
944,guest_947,hotel_70
945,guest_948,hotel_382
946,guest_949,hotel_344
947,guest_950,hotel_389
948,guest_951,hotel_195
949,guest_952,hotel_70
950,guest_953,hotel_90
951,guest_954,hotel_170
952,guest_955,hotel_192
953,guest_956,hotel_304
954,guest_957,hotel_70
955,guest_958,hotel_58
956,guest_959,hotel_192
957,guest_960,hotel_137
958,guest_961,hotel_387
959,guest_962,hotel_129
960,guest_963,hotel_196
961,guest_964,hotel_296
962,guest_965,hotel_236
963,guest_966,hotel_42
964,guest_967,hotel_43
965,guest_968,hotel_296
966,guest_969,hotel_2
967,guest_970,hotel_396
968,guest_971,hotel_387
969,guest_972,hotel_137
970,guest_973,hotel_192
971,guest_974,hotel_196
972,guest_975,hotel_153
973,guest_976,hotel_137
974,guest_977,hotel_211
975,guest_978,hotel_218
976,guest_979,hotel_78
977,guest_980,hotel_389
978,guest_981,hotel_256
979,guest_982,hotel_116
980,guest_983,hotel_153
981,guest_984,hotel_100
982,guest_985,hotel_45
983,guest_986,hotel_70
984,guest_987,hotel_129
985,guest_988,hotel_173
986,guest_989,hotel_90
987,guest_990,hotel_382
988,guest_991,hotel_196
989,guest_992,hotel_153
990,guest_993,hotel_387
991,guest_994,hotel_90
992,guest_995,hotel_207
993,guest_996,hotel_18
994,guest_997,hotel_40
995,guest_998,hotel_170
996,guest_999,hotel_358
997,guest_1000,hotel_129
998,guest_1001,hotel_295
999,guest_1002,hotel_215
1000,guest_1003,hotel_113
1001,guest_1004,hotel_94
1002,guest_1005,hotel_33
1003,guest_1006,hotel_42
1004,guest_1007,hotel_192
1005,guest_1008,hotel_296
1006,guest_1009,hotel_196
1007,guest_1010,hotel_2
1008,guest_1011,hotel_196
1009,guest_1012,hotel_40
1010,guest_1013,hotel_192
1011,guest_1014,hotel_291
1012,guest_1015,hotel_389
1013,guest_1016,hotel_246
1014,guest_1017,hotel_70
1015,guest_1018,hotel_296
1016,guest_1019,hotel_113
1017,guest_1020,hotel_90
1018,guest_1021,hotel_310
1019,guest_1022,hotel_349
1020,guest_1023,hotel_251
1021,guest_1024,hotel_181
1022,guest_1025,hotel_296
1023,guest_1026,hotel_243
1024,guest_1027,hotel_90
1025,guest_1028,hotel_28
1026,guest_1029,hotel_153
1027,guest_1030,hotel_239
1028,guest_1031,hotel_2
1029,guest_1032,hotel_192
1030,guest_1033,hotel_256
1031,guest_1034,hotel_203
1032,guest_1035,hotel_173
1033,guest_1036,hotel_195
1034,guest_1037,hotel_196
1035,guest_1038,hotel_382
1036,guest_1039,hotel_387
1037,guest_1040,hotel_70
1038,guest_1041,hotel_45
1039,guest_1042,hotel_16
1040,guest_1043,hotel_211
1041,guest_1044,hotel_16
1042,guest_1045,hotel_398
1043,guest_1046,hotel_90
1044,guest_1047,hotel_158
1045,guest_1048,hotel_70
1046,guest_1049,hotel_96
1047,guest_1050,hotel_288
1048,guest_1051,hotel_391
1049,guest_1052,hotel_296
1050,guest_1053,hotel_108
1051,guest_1054,hotel_105
1052,guest_1055,hotel_389
1053,guest_1056,hotel_17
1054,guest_1057,hotel_398
1055,guest_1058,hotel_196
1056,guest_1059,hotel_70
1057,guest_1060,hotel_192
1058,guest_1061,hotel_70
1059,guest_1062,hotel_398
1060,guest_1063,hotel_148
1061,guest_1064,hotel_384
1062,guest_1065,hotel_195
1063,guest_1066,hotel_296
1064,guest_1067,hotel_122
1065,guest_1068,hotel_2
1066,guest_1069,hotel_129
1067,guest_1070,hotel_70
1068,guest_1071,hotel_389
1069,guest_1072,hotel_398
1070,guest_1073,hotel_28
1071,guest_1074,hotel_90
1072,guest_1075,hotel_192
1073,guest_1076,hotel_28
1074,guest_1077,hotel_197
1075,guest_1078,hotel_179
1076,guest_1079,hotel_387
1077,guest_1080,hotel_398
1078,guest_1081,hotel_57
1079,guest_1082,hotel_33
1080,guest_1083,hotel_45
1081,guest_1084,hotel_218
1082,guest_1085,hotel_90
1083,guest_1086,hotel_70
1084,guest_1087,hotel_251
1085,guest_1088,hotel_16
1086,guest_1089,hotel_196
1087,guest_1090,hotel_28
1088,guest_1091,hotel_246
1089,guest_1092,hotel_2
1090,guest_1093,hotel_309
1091,guest_1094,hotel_196
1092,guest_1095,hotel_128
1093,guest_1096,hotel_398
1094,guest_1097,hotel_2
1095,guest_1098,hotel_129
1096,guest_1099,hotel_2
1097,guest_1100,hotel_274
1098,guest_1101,hotel_86
1099,guest_1102,hotel_203
1100,guest_1103,hotel_2
1101,guest_1104,hotel_181
1102,guest_1105,hotel_58
1103,guest_1106,hotel_212
1104,guest_1107,hotel_387
1105,guest_1108,hotel_16
1106,guest_1109,hotel_309
1107,guest_1110,hotel_116
1108,guest_1111,hotel_344
1109,guest_1112,hotel_86
1110,guest_1113,hotel_398
1111,guest_1114,hotel_207
1112,guest_1115,hotel_195
1113,guest_1116,hotel_218
1114,guest_1117,hotel_94
1115,guest_1118,hotel_17
1116,guest_1119,hotel_2
1117,guest_1120,hotel_70
1118,guest_1121,hotel_90
1119,guest_1122,hotel_218
1120,guest_1123,hotel_211
1121,guest_1124,hotel_195
1122,guest_1125,hotel_16
1123,guest_1126,hotel_28
1124,guest_1127,hotel_129
1125,guest_1128,hotel_45
1126,guest_1129,hotel_345
1127,guest_1130,hotel_384
1128,guest_1131,hotel_90
1129,guest_1132,hotel_181
1130,guest_1133,hotel_2
1131,guest_1134,hotel_195
1132,guest_1135,hotel_90
1133,guest_1136,hotel_158
1134,guest_1137,hotel_90
1135,guest_1138,hotel_125
1136,guest_1139,hotel_195
1137,guest_1140,hotel_361
1138,guest_1141,hotel_389
1139,guest_1142,hotel_129
1140,guest_1143,hotel_173
1141,guest_1144,hotel_232
1142,guest_1145,hotel_175
1143,guest_1146,hotel_389
1144,guest_1147,hotel_173
1145,guest_1148,hotel_129
1146,guest_1149,hotel_218
1147,guest_1150,hotel_45
1148,guest_1151,hotel_389
1149,guest_1152,hotel_389
1150,guest_1153,hotel_194
1151,guest_1154,hotel_45
1152,guest_1155,hotel_251
1153,guest_1156,hotel_210
1154,guest_1157,hotel_218
1155,guest_1158,hotel_366
1156,guest_1159,hotel_94
1157,guest_1160,hotel_181
1158,guest_1161,hotel_90
1159,guest_1162,hotel_236
1160,guest_1163,hotel_129
1161,guest_1164,hotel_195
1162,guest_1165,hotel_94
1163,guest_1166,hotel_172
1164,guest_1167,hotel_2
1165,guest_1168,hotel_351
1166,guest_1169,hotel_387
1167,guest_1170,hotel_145
1168,guest_1171,hotel_218
1169,guest_1172,hotel_366
1170,guest_1173,hotel_58
1171,guest_1174,hotel_172
1172,guest_1175,hotel_344
1173,guest_1176,hotel_384
1174,guest_1177,hotel_390
1175,guest_1178,hotel_176
1176,guest_1179,hotel_172
1177,guest_1180,hotel_94
1178,guest_1181,hotel_59
1179,guest_1182,hotel_398
1180,guest_1183,hotel_28
1181,guest_1184,hotel_16
1182,guest_1185,hotel_125
1183,guest_1186,hotel_90
1184,guest_1187,hotel_122
1185,guest_1188,hotel_33
1186,guest_1189,hotel_344
1187,guest_1190,hotel_17
1188,guest_1191,hotel_119
1189,guest_1192,hotel_318
1190,guest_1193,hotel_366
1191,guest_1194,hotel_218
1192,guest_1195,hotel_59
1193,guest_1196,hotel_163
1194,guest_1197,hotel_61
1195,guest_1198,hotel_154
1196,guest_1199,hotel_344
1197,guest_1200,hotel_148
1198,guest_1201,hotel_61
1199,guest_1202,hotel_172
1200,guest_1203,hotel_344
1201,guest_1204,hotel_162
1202,guest_1205,hotel_353
1203,guest_1206,hotel_87
1204,guest_1207,hotel_148
1205,guest_1208,hotel_389
1206,guest_1209,hotel_236
1207,guest_1210,hotel_116
1208,guest_1211,hotel_94
1209,guest_1212,hotel_211
1210,guest_1213,hotel_105
1211,guest_1214,hotel_58
1212,guest_1215,hotel_145
1213,guest_1216,hotel_33
1214,guest_1217,hotel_4
1215,guest_1218,hotel_16
1216,guest_1219,hotel_181
1217,guest_1220,hotel_33
1218,guest_1221,hotel_366
1219,guest_1222,hotel_344
1220,guest_1223,hotel_16
1221,guest_1224,hotel_299
1222,guest_1225,hotel_45
1223,guest_1226,hotel_194
1224,guest_1227,hotel_251
1225,guest_1228,hotel_251
1226,guest_1229,hotel_387
1227,guest_1230,hotel_108
1228,guest_1231,hotel_244
1229,guest_1232,hotel_344
1230,guest_1233,hotel_344
1231,guest_1234,hotel_175
1232,guest_1235,hotel_181
1233,guest_1236,hotel_38
1234,guest_1237,hotel_125
1235,guest_1238,hotel_2
1236,guest_1239,hotel_251
1237,guest_1240,hotel_2
1238,guest_1241,hotel_281
1239,guest_1242,hotel_2
1240,guest_1243,hotel_57
1241,guest_1244,hotel_398
1242,guest_1245,hotel_181
1243,guest_1246,hotel_398
1244,guest_1247,hotel_203
1245,guest_1248,hotel_118
1246,guest_1249,hotel_165
1247,guest_1250,hotel_45
1248,guest_1251,hotel_173
1249,guest_1252,hotel_251
1250,guest_1253,hotel_246
1251,guest_1254,hotel_344
1252,guest_1255,hotel_78
1253,guest_1256,hotel_181
1254,guest_1257,hotel_344
1255,guest_1258,hotel_382
1256,guest_1259,hotel_38
1257,guest_1260,hotel_172
1258,guest_1261,hotel_195
1259,guest_1262,hotel_175
1260,guest_1263,hotel_165
1261,guest_1264,hotel_351
1262,guest_1265,hotel_175
1263,guest_1266,hotel_207
1264,guest_1267,hotel_173
1265,guest_1268,hotel_251
1266,guest_1269,hotel_384
1267,guest_1270,hotel_19
1268,guest_1271,hotel_211
1269,guest_1272,hotel_86
1270,guest_1273,hotel_255
1271,guest_1274,hotel_194
1272,guest_1275,hotel_125
1273,guest_1276,hotel_183
1274,guest_1277,hotel_58
1275,guest_1278,hotel_38
1276,guest_1279,hotel_173
1277,guest_1280,hotel_211
1278,guest_1281,hotel_251
1279,guest_1282,hotel_58
1280,guest_1283,hotel_344
1281,guest_1284,hotel_319
1282,guest_1285,hotel_58
1283,guest_1286,hotel_246
1284,guest_1287,hotel_251
1285,guest_1288,hotel_16
1286,guest_1289,hotel_2
1287,guest_1290,hotel_16
1288,guest_1291,hotel_173
1289,guest_1292,hotel_57
1290,guest_1293,hotel_106
1291,guest_1294,hotel_344
1292,guest_1295,hotel_215
1293,guest_1296,hotel_195
1294,guest_1297,hotel_165
1295,guest_1298,hotel_344
1296,guest_1299,hotel_173
1297,guest_1300,hotel_398
1298,guest_1301,hotel_351
1299,guest_1302,hotel_195
1300,guest_1303,hotel_288
1301,guest_1304,hotel_317
1302,guest_1305,hotel_251
1303,guest_1306,hotel_243
1304,guest_1307,hotel_42
1305,guest_1308,hotel_59
1306,guest_1309,hotel_398
1307,guest_1310,hotel_338
1308,guest_1311,hotel_38
1309,guest_1312,hotel_173
1310,guest_1313,hotel_181
1311,guest_1314,hotel_17
1312,guest_1315,hotel_58
1313,guest_1316,hotel_361
1314,guest_1317,hotel_165
1315,guest_1318,hotel_269
1316,guest_1319,hotel_400
1317,guest_1320,hotel_344
1318,guest_1321,hotel_181
1319,guest_1322,hotel_86
1320,guest_1323,hotel_251
1321,guest_1324,hotel_220
1322,guest_1325,hotel_323
1323,guest_1326,hotel_181
1324,guest_1327,hotel_20
1325,guest_1328,hotel_181
1326,guest_1329,hotel_251
1327,guest_1330,hotel_17
1328,guest_1331,hotel_181
1329,guest_1332,hotel_94
1330,guest_1333,hotel_51
1331,guest_1334,hotel_181
1332,guest_1335,hotel_94
1333,guest_1336,hotel_292
1334,guest_1337,hotel_165
1335,guest_1338,hotel_173
1336,guest_1339,hotel_130
1337,guest_1340,hotel_195
1338,guest_1341,hotel_145
1339,guest_1342,hotel_78
1340,guest_1343,hotel_382
1341,guest_1344,hotel_382
1342,guest_1345,hotel_54
1343,guest_1346,hotel_86
1344,guest_1347,hotel_251
1345,guest_1348,hotel_243
1346,guest_1349,hotel_61
1347,guest_1350,hotel_126
1348,guest_1351,hotel_58
1349,guest_1352,hotel_163
1350,guest_1353,hotel_243
1351,guest_1354,hotel_194
1352,guest_1355,hotel_181
1353,guest_1356,hotel_251
1354,guest_1357,hotel_194
1355,guest_1358,hotel_304
1356,guest_1359,hotel_59
1357,guest_1360,hotel_175
1358,guest_1361,hotel_194
1359,guest_1362,hotel_86
1360,guest_1363,hotel_59
1361,guest_1364,hotel_58
1362,guest_1365,hotel_19
1363,guest_1366,hotel_58
1364,guest_1367,hotel_94
1365,guest_1368,hotel_197
1366,guest_1369,hotel_59
1367,guest_1370,hotel_145
1368,guest_1371,hotel_197
1369,guest_1372,hotel_20
1370,guest_1373,hotel_58
1371,guest_1374,hotel_165
1372,guest_1375,hotel_292
1373,guest_1376,hotel_94
1374,guest_1377,hotel_165
1375,guest_1378,hotel_342
1376,guest_1379,hotel_116
1377,guest_1380,hotel_366
1378,guest_1381,hotel_108
1379,guest_1382,hotel_194
1380,guest_1383,hotel_366
1381,guest_1384,hotel_398
1382,guest_1385,hotel_366
1383,guest_1386,hotel_194
1384,guest_1387,hotel_105
1385,guest_1388,hotel_76
1386,guest_1389,hotel_125
1387,guest_1390,hotel_194
1388,guest_1391,hotel_243
1389,guest_1392,hotel_76
1390,guest_1393,hotel_19
1391,guest_1394,hotel_59
1392,guest_1395,hotel_369
1393,guest_1396,hotel_71
1394,guest_1397,hotel_194
1395,guest_1398,hotel_165
1396,guest_1399,hotel_38
1397,guest_1400,hotel_19
1398,guest_1401,hotel_17
1399,guest_1402,hotel_35
1400,guest_1403,hotel_338
1401,guest_1404,hotel_19
1402,guest_1405,hotel_366
1403,guest_1406,hotel_19
1404,guest_1407,hotel_366
1405,guest_1408,hotel_172
1406,guest_1409,hotel_59
1407,guest_1410,hotel_243
1408,guest_1411,hotel_51
1409,guest_1412,hotel_86
1410,guest_1413,hotel_59
1411,guest_1414,hotel_288
1412,guest_1415,hotel_94
1413,guest_1416,hotel_246
1414,guest_1417,hotel_317
1415,guest_1418,hotel_165
1416,guest_1419,hotel_317
1417,guest_1420,hotel_207
1418,guest_1421,hotel_175
1419,guest_1422,hotel_4
1420,guest_1423,hotel_292
1421,guest_1424,hotel_59
1422,guest_1425,hotel_158
1423,guest_1426,hotel_116
1424,guest_1427,hotel_19
1425,guest_1428,hotel_175
1426,guest_1429,hotel_254
1427,guest_1430,hotel_175
1428,guest_1431,hotel_58
1429,guest_1432,hotel_269
1430,guest_1433,hotel_165
1431,guest_1434,hotel_59
1432,guest_1435,hotel_366
1433,guest_1436,hotel_115
1434,guest_1437,hotel_94
1435,guest_1438,hotel_216
1436,guest_1439,hotel_317
1437,guest_1440,hotel_197
1438,guest_1441,hotel_94
1439,guest_1442,hotel_42
1440,guest_1443,hotel_366
1441,guest_1444,hotel_94
1442,guest_1445,hotel_309
1443,guest_1446,hotel_161
1444,guest_1447,hotel_269
1445,guest_1448,hotel_309
1446,guest_1449,hotel_59
1447,guest_1450,hotel_100
1448,guest_1451,hotel_317
1449,guest_1452,hotel_19
1450,guest_1454,hotel_94
1451,guest_1455,hotel_335
1452,guest_1456,hotel_59
1453,guest_1457,hotel_145
1454,guest_1458,hotel_391
1455,guest_1459,hotel_42
1456,guest_1460,hotel_57
1457,guest_1461,hotel_19
1458,guest_1462,hotel_366
1459,guest_1463,hotel_17
1460,guest_1464,hotel_275
1461,guest_1465,hotel_366
1462,guest_1466,hotel_57
1463,guest_1467,hotel_148
1464,guest_1468,hotel_309
1465,guest_1469,hotel_309
1466,guest_1470,hotel_246
1467,guest_1471,hotel_19
1468,guest_1472,hotel_246
1469,guest_1473,hotel_194
1470,guest_1474,hotel_235
1471,guest_1475,hotel_58
1472,guest_1476,hotel_105
1473,guest_1477,hotel_384
1474,guest_1478,hotel_59
1475,guest_1479,hotel_194
1476,guest_1480,hotel_42
1477,guest_1481,hotel_86
1478,guest_1482,hotel_17
1479,guest_1483,hotel_384
1480,guest_1484,hotel_292
1481,guest_1485,hotel_105
1482,guest_1486,hotel_194
1483,guest_1487,hotel_349
1484,guest_1488,hotel_269
1485,guest_1489,hotel_142
1486,guest_1490,hotel_366
1487,guest_1491,hotel_235
1488,guest_1492,hotel_318
1489,guest_1493,hotel_57
1490,guest_1494,hotel_207
1491,guest_1495,hotel_42
1492,guest_1496,hotel_309
1493,guest_1497,hotel_59
1494,guest_1498,hotel_292
1495,guest_1499,hotel_42
1496,guest_1500,hotel_105
1497,guest_1501,hotel_17
1498,guest_1502,hotel_194
1499,guest_1503,hotel_366
1500,guest_1504,hotel_317
1501,guest_1505,hotel_165
1502,guest_1506,hotel_207
1503,guest_1507,hotel_142
1504,guest_1508,hotel_86
1505,guest_1509,hotel_68
1506,guest_1510,hotel_17
1507,guest_1511,hotel_165
1508,guest_1512,hotel_317
1509,guest_1513,hotel_317
1510,guest_1514,hotel_366
1511,guest_1515,hotel_384
1512,guest_1516,hotel_165
1513,guest_1517,hotel_17
1514,guest_1518,hotel_246
1515,guest_1519,hotel_59
1516,guest_1520,hotel_292
1517,guest_1521,hotel_207
1518,guest_1522,hotel_197
1519,guest_1523,hotel_338
1520,guest_1524,hotel_105
1521,guest_1525,hotel_386
1522,guest_1526,hotel_246
1523,guest_1527,hotel_323
1524,guest_1528,hotel_76
1525,guest_1529,hotel_366
1526,guest_1530,hotel_313
1527,guest_1531,hotel_17
1528,guest_1532,hotel_342
1529,guest_1533,hotel_105
1530,guest_1534,hotel_17
1531,guest_1535,hotel_294
1532,guest_1536,hotel_281
1533,guest_1537,hotel_349
1534,guest_1538,hotel_369
1535,guest_1539,hotel_288
1536,guest_1540,hotel_35
1537,guest_1541,hotel_165
1538,guest_1542,hotel_133
1539,guest_1543,hotel_76
1540,guest_1544,hotel_338
1541,guest_1545,hotel_158
1542,guest_1546,hotel_86
1543,guest_1547,hotel_264
1544,guest_1548,hotel_17
1545,guest_1549,hotel_143
1546,guest_1550,hotel_366
1547,guest_1551,hotel_57
1548,guest_1552,hotel_322
1549,guest_1553,hotel_317
1550,guest_1554,hotel_145
1551,guest_1555,hotel_3
1552,guest_1556,hotel_13
1553,guest_1557,hotel_116
1554,guest_1558,hotel_3
1555,guest_1559,hotel_8
1556,guest_1560,hotel_309
1557,guest_1561,hotel_342
1558,guest_1562,hotel_29
1559,guest_1563,hotel_57
1560,guest_1564,hotel_323
1561,guest_1565,hotel_309
1562,guest_1566,hotel_89
1563,guest_1567,hotel_349
1564,guest_1568,hotel_38
1565,guest_1569,hotel_179
1566,guest_1570,hotel_338
1567,guest_1571,hotel_61
1568,guest_1572,hotel_313
1569,guest_1573,hotel_29
1570,guest_1574,hotel_145
1571,guest_1575,hotel_304
1572,guest_1576,hotel_122
1573,guest_1577,hotel_206
1574,guest_1578,hotel_312
1575,guest_1579,hotel_309
1576,guest_1580,hotel_288
1577,guest_1581,hotel_57
1578,guest_1582,hotel_17
1579,guest_1583,hotel_309
1580,guest_1584,hotel_371
1581,guest_1585,hotel_105
1582,guest_1586,hotel_57
1583,guest_1587,hotel_17
1584,guest_1588,hotel_197
1585,guest_1589,hotel_202
1586,guest_1590,hotel_145
1587,guest_1591,hotel_62
1588,guest_1592,hotel_86
1589,guest_1593,hotel_317
1590,guest_1594,hotel_384
1591,guest_1595,hotel_165
1592,guest_1596,hotel_51
1593,guest_1597,hotel_197
1594,guest_1598,hotel_246
1595,guest_1599,hotel_3
1596,guest_1600,hotel_303
1597,guest_1601,hotel_130
1598,guest_1602,hotel_172
1599,guest_1603,hotel_105
1600,guest_1604,hotel_57
1601,guest_1605,hotel_116
1602,guest_1606,hotel_317
1603,guest_1607,hotel_343
1604,guest_1608,hotel_172
1605,guest_1609,hotel_142
1606,guest_1610,hotel_145
1607,guest_1611,hotel_215
1608,guest_1612,hotel_288
1609,guest_1613,hotel_294
1610,guest_1614,hotel_317
1611,guest_1615,hotel_105
1612,guest_1616,hotel_264
1613,guest_1617,hotel_246
1614,guest_1618,hotel_25
1615,guest_1619,hotel_294
1616,guest_1620,hotel_323
1617,guest_1621,hotel_275
1618,guest_1622,hotel_235
1619,guest_1623,hotel_237
1620,guest_1624,hotel_318
1621,guest_1625,hotel_11
1622,guest_1626,hotel_317
1623,guest_1627,hotel_335
1624,guest_1628,hotel_272
1625,guest_1629,hotel_328
1626,guest_1630,hotel_105
1627,guest_1631,hotel_294
1628,guest_1632,hotel_38
1629,guest_1633,hotel_215
1630,guest_1634,hotel_345
1631,guest_1635,hotel_376
1632,guest_1636,hotel_215
1633,guest_1637,hotel_29
1634,guest_1638,hotel_76
1635,guest_1639,hotel_333
1636,guest_1640,hotel_232
1637,guest_1641,hotel_172
1638,guest_1642,hotel_309
1639,guest_1643,hotel_294
1640,guest_1644,hotel_57
1641,guest_1645,hotel_105
1642,guest_1646,hotel_215
1643,guest_1647,hotel_317
1644,guest_1648,hotel_197
1645,guest_1649,hotel_384
1646,guest_1650,hotel_318
1647,guest_1651,hotel_100
1648,guest_1652,hotel_317
1649,guest_1653,hotel_197
1650,guest_1654,hotel_172
1651,guest_1655,hotel_105
1652,guest_1656,hotel_369
1653,guest_1657,hotel_313
1654,guest_1658,hotel_215
1655,guest_1659,hotel_29
1656,guest_1660,hotel_304
1657,guest_1661,hotel_76
1658,guest_1662,hotel_400
1659,guest_1663,hotel_309
1660,guest_1664,hotel_287
1661,guest_1665,hotel_294
1662,guest_1666,hotel_304
1663,guest_1667,hotel_220
1664,guest_1668,hotel_369
1665,guest_1669,hotel_317
1666,guest_1670,hotel_183
1667,guest_1671,hotel_235
1668,guest_1672,hotel_317
1669,guest_1673,hotel_345
1670,guest_1674,hotel_130
1671,guest_1675,hotel_142
1672,guest_1676,hotel_101
1673,guest_1677,hotel_342
1674,guest_1678,hotel_342
1675,guest_1679,hotel_338
1676,guest_1680,hotel_338
1677,guest_1681,hotel_347
1678,guest_1682,hotel_309
1679,guest_1683,hotel_4
1680,guest_1684,hotel_34
1681,guest_1685,hotel_78
1682,guest_1686,hotel_35
1683,guest_1687,hotel_38
1684,guest_1688,hotel_105
1685,guest_1689,hotel_338
1686,guest_1690,hotel_324
1687,guest_1691,hotel_38
1688,guest_1692,hotel_110
1689,guest_1693,hotel_35
1690,guest_1694,hotel_359
1691,guest_1695,hotel_3
1692,guest_1696,hotel_317
1693,guest_1697,hotel_100
1694,guest_1698,hotel_105
1695,guest_1699,hotel_369
1696,guest_1700,hotel_390
1697,guest_1701,hotel_303
1698,guest_1702,hotel_383
1699,guest_1703,hotel_215
1700,guest_1705,hotel_369
1701,guest_1706,hotel_288
1702,guest_1707,hotel_288
1703,guest_1708,hotel_384
1704,guest_1709,hotel_384
1705,guest_1710,hotel_287
1706,guest_1711,hotel_318
1707,guest_1712,hotel_172
1708,guest_1713,hotel_215
1709,guest_1714,hotel_384
1710,guest_1715,hotel_318
1711,guest_1716,hotel_384
1712,guest_1717,hotel_110
1713,guest_1718,hotel_35
1714,guest_1719,hotel_76
1715,guest_1720,hotel_51
1716,guest_1721,hotel_304
1717,guest_1722,hotel_306
1718,guest_1723,hotel_376
1719,guest_1724,hotel_29
1720,guest_1725,hotel_76
1721,guest_1726,hotel_288
1722,guest_1727,hotel_78
1723,guest_1728,hotel_142
1724,guest_1729,hotel_317
1725,guest_1730,hotel_35
1726,guest_1731,hotel_342
1727,guest_1732,hotel_110
1728,guest_1733,hotel_51
1729,guest_1734,hotel_128
1730,guest_1735,hotel_35
1731,guest_1736,hotel_345
1732,guest_1737,hotel_35
1733,guest_1738,hotel_51
1734,guest_1739,hotel_294
1735,guest_1740,hotel_38
1736,guest_1741,hotel_294
1737,guest_1742,hotel_172
1738,guest_1743,hotel_38
1739,guest_1744,hotel_338
1740,guest_1745,hotel_226
1741,guest_1746,hotel_123
1742,guest_1747,hotel_342
1743,guest_1748,hotel_68
1744,guest_1749,hotel_3
1745,guest_1750,hotel_342
1746,guest_1751,hotel_4
1747,guest_1752,hotel_304
1748,guest_1753,hotel_172
1749,guest_1754,hotel_3
1750,guest_1755,hotel_29
1751,guest_1756,hotel_62
1752,guest_1757,hotel_400
1753,guest_1758,hotel_172
1754,guest_1759,hotel_76
1755,guest_1760,hotel_304
1756,guest_1761,hotel_3
1757,guest_1762,hotel_304
1758,guest_1763,hotel_179
1759,guest_1764,hotel_294
1760,guest_1765,hotel_136
1761,guest_1766,hotel_183
1762,guest_1767,hotel_323
1763,guest_1768,hotel_148
1764,guest_1769,hotel_3
1765,guest_1770,hotel_390
1766,guest_1771,hotel_183
1767,guest_1772,hotel_294
1768,guest_1773,hotel_3
1769,guest_1774,hotel_323
1770,guest_1775,hotel_342
1771,guest_1776,hotel_29
1772,guest_1777,hotel_38
1773,guest_1778,hotel_274
1774,guest_1779,hotel_264
1775,guest_1780,hotel_220
1776,guest_1781,hotel_130
1777,guest_1782,hotel_226
1778,guest_1783,hotel_110
1779,guest_1784,hotel_140
1780,guest_1785,hotel_139
1781,guest_1786,hotel_34
1782,guest_1787,hotel_110
1783,guest_1788,hotel_3
1784,guest_1789,hotel_3
1785,guest_1790,hotel_400
1786,guest_1791,hotel_304
1787,guest_1792,hotel_38
1788,guest_1793,hotel_371
1789,guest_1794,hotel_29
1790,guest_1795,hotel_183
1791,guest_1796,hotel_29
1792,guest_1797,hotel_38
1793,guest_1798,hotel_101
1794,guest_1799,hotel_288
1795,guest_1800,hotel_226
1796,guest_1801,hotel_3
1797,guest_1802,hotel_288
1798,guest_1803,hotel_264
1799,guest_1804,hotel_345
1800,guest_1805,hotel_287
1801,guest_1806,hotel_78
1802,guest_1807,hotel_304
1803,guest_1808,hotel_299
1804,guest_1809,hotel_288
1805,guest_1810,hotel_152
1806,guest_1811,hotel_384
1807,guest_1812,hotel_68
1808,guest_1813,hotel_244
1809,guest_1814,hotel_68
1810,guest_1815,hotel_357
1811,guest_1816,hotel_101
1812,guest_1817,hotel_110
1813,guest_1818,hotel_264
1814,guest_1819,hotel_142
1815,guest_1820,hotel_78
1816,guest_1821,hotel_244
1817,guest_1822,hotel_386
1818,guest_1823,hotel_323
1819,guest_1824,hotel_331
1820,guest_1825,hotel_288
1821,guest_1826,hotel_345
1822,guest_1827,hotel_288
1823,guest_1828,hotel_294
1824,guest_1829,hotel_294
1825,guest_1830,hotel_236
1826,guest_1831,hotel_271
1827,guest_1832,hotel_318
1828,guest_1833,hotel_122
1829,guest_1834,hotel_68
1830,guest_1835,hotel_183
1831,guest_1836,hotel_10
1832,guest_1837,hotel_345
1833,guest_1838,hotel_110
1834,guest_1839,hotel_142
1835,guest_1840,hotel_228
1836,guest_1841,hotel_264
1837,guest_1842,hotel_318
1838,guest_1843,hotel_346
1839,guest_1844,hotel_136
1840,guest_1845,hotel_294
1841,guest_1846,hotel_304
1842,guest_1847,hotel_392
1843,guest_1848,hotel_284
1844,guest_1849,hotel_264
1845,guest_1850,hotel_299
1846,guest_1851,hotel_76
1847,guest_1852,hotel_76
1848,guest_1853,hotel_29
1849,guest_1854,hotel_236
1850,guest_1855,hotel_400
1851,guest_1856,hotel_228
1852,guest_1857,hotel_110
1853,guest_1858,hotel_266
1854,guest_1859,hotel_122
1855,guest_1860,hotel_383
1856,guest_1861,hotel_183
1857,guest_1862,hotel_76
1858,guest_1863,hotel_342
1859,guest_1864,hotel_68
1860,guest_1865,hotel_4
1861,guest_1866,hotel_275
1862,guest_1867,hotel_99
1863,guest_1868,hotel_323
1864,guest_1869,hotel_110
1865,guest_1870,hotel_142
1866,guest_1871,hotel_304
1867,guest_1872,hotel_130
1868,guest_1873,hotel_183
1869,guest_1874,hotel_128
1870,guest_1875,hotel_29
1871,guest_1876,hotel_346
1872,guest_1877,hotel_304
1873,guest_1878,hotel_364
1874,guest_1879,hotel_345
1875,guest_1880,hotel_244
1876,guest_1881,hotel_264
1877,guest_1882,hotel_260
1878,guest_1884,hotel_200
1879,guest_1885,hotel_152
1880,guest_1886,hotel_315
1881,guest_1887,hotel_220
1882,guest_1888,hotel_264
1883,guest_1889,hotel_29
1884,guest_1890,hotel_264
1885,guest_1891,hotel_400
1886,guest_1892,hotel_281
1887,guest_1893,hotel_236
1888,guest_1894,hotel_318
1889,guest_1895,hotel_383
1890,guest_1896,hotel_284
1891,guest_1897,hotel_62
1892,guest_1898,hotel_29
1893,guest_1899,hotel_304
1894,guest_1900,hotel_68
1895,guest_1901,hotel_220
1896,guest_1902,hotel_29
1897,guest_1903,hotel_323
1898,guest_1904,hotel_236
1899,guest_1905,hotel_78
1900,guest_1906,hotel_29
1901,guest_1907,hotel_29
1902,guest_1908,hotel_220
1903,guest_1909,hotel_67
1904,guest_1910,hotel_287
1905,guest_1911,hotel_323
1906,guest_1912,hotel_142
1907,guest_1913,hotel_78
1908,guest_1914,hotel_359
1909,guest_1915,hotel_323
1910,guest_1916,hotel_183
1911,guest_1917,hotel_100
1912,guest_1918,hotel_303
1913,guest_1919,hotel_345
1914,guest_1920,hotel_400
1915,guest_1921,hotel_345
1916,guest_1922,hotel_206
1917,guest_1923,hotel_114
1918,guest_1924,hotel_118
1919,guest_1925,hotel_377
1920,guest_1926,hotel_345
1921,guest_1927,hotel_287
1922,guest_1928,hotel_288
1923,guest_1929,hotel_154
1924,guest_1930,hotel_128
1925,guest_1931,hotel_110
1926,guest_1932,hotel_78
1927,guest_1933,hotel_386
1928,guest_1934,hotel_168
1929,guest_1935,hotel_362
1930,guest_1936,hotel_400
1931,guest_1938,hotel_183
1932,guest_1939,hotel_122
1933,guest_1940,hotel_374
1934,guest_1941,hotel_10
1935,guest_1942,hotel_68
1936,guest_1943,hotel_110
1937,guest_1944,hotel_383
1938,guest_1945,hotel_220
1939,guest_1946,hotel_20
1940,guest_1947,hotel_287
1941,guest_1948,hotel_400
1942,guest_1949,hotel_101
1943,guest_1950,hotel_52
1944,guest_1951,hotel_288
1945,guest_1952,hotel_353
1946,guest_1953,hotel_152
1947,guest_1954,hotel_316
1948,guest_1955,hotel_266
1949,guest_1956,hotel_220
1950,guest_1957,hotel_220
1951,guest_1958,hotel_236
1952,guest_1959,hotel_323
1953,guest_1960,hotel_236
1954,guest_1961,hotel_101
1955,guest_1962,hotel_236
1956,guest_1963,hotel_400
1957,guest_1964,hotel_130
1958,guest_1965,hotel_68
1959,guest_1966,hotel_130
1960,guest_1967,hotel_142
1961,guest_1968,hotel_266
1962,guest_1969,hotel_122
1963,guest_1970,hotel_68
1964,guest_1971,hotel_316
1965,guest_1972,hotel_29
1966,guest_1973,hotel_136
1967,guest_1974,hotel_261
1968,guest_1975,hotel_96
1969,guest_1976,hotel_130
1970,guest_1977,hotel_244
1971,guest_1978,hotel_142
1972,guest_1979,hotel_62
1973,guest_1980,hotel_359
1974,guest_1981,hotel_130
1975,guest_1982,hotel_323
1976,guest_1983,hotel_21
1977,guest_1984,hotel_290
1978,guest_1985,hotel_400
1979,guest_1986,hotel_200
1980,guest_1987,hotel_318
1981,guest_1988,hotel_323
1982,guest_1989,hotel_226
1983,guest_1990,hotel_206
1984,guest_1991,hotel_78
1985,guest_1992,hotel_400
1986,guest_1993,hotel_183
1987,guest_1994,hotel_275
1988,guest_1995,hotel_264
1989,guest_1996,hotel_260
1990,guest_1997,hotel_264
1991,guest_1998,hotel_205
1992,guest_1999,hotel_130
1993,guest_2000,hotel_62
1994,guest_2001,hotel_236
1995,guest_2002,hotel_335
1996,guest_2003,hotel_333
1997,guest_2004,hotel_333
1998,guest_2005,hotel_32
1999,guest_2006,hotel_264
2000,guest_2007,hotel_136
2001,guest_2008,hotel_299
2002,guest_2009,hotel_152
2003,guest_2010,hotel_142
2004,guest_2011,hotel_4
2005,guest_2013,hotel_359
2006,guest_2014,hotel_179
2007,guest_2015,hotel_264
2008,guest_2016,hotel_110
2009,guest_2017,hotel_400
2010,guest_2018,hotel_318
2011,guest_2019,hotel_359
2012,guest_2020,hotel_142
2013,guest_2021,hotel_52
2014,guest_2022,hotel_274
2015,guest_2023,hotel_118
2016,guest_2024,hotel_122
2017,guest_2025,hotel_130
2018,guest_2026,hotel_255
2019,guest_2027,hotel_159
2020,guest_2028,hotel_52
2021,guest_2029,hotel_236
2022,guest_2030,hotel_275
2023,guest_2031,hotel_110
2024,guest_2032,hotel_110
2025,guest_2033,hotel_152
2026,guest_2034,hotel_110
2027,guest_2035,hotel_348
2028,guest_2036,hotel_346
2029,guest_2037,hotel_359
2030,guest_2038,hotel_271
2031,guest_2039,hotel_264
2032,guest_2040,hotel_52
2033,guest_2041,hotel_148
2034,guest_2042,hotel_271
2035,guest_2043,hotel_183
2036,guest_2044,hotel_281
2037,guest_2045,hotel_281
2038,guest_2046,hotel_303
2039,guest_2047,hotel_299
2040,guest_2048,hotel_323
2041,guest_2049,hotel_34
2042,guest_2050,hotel_171
2043,guest_2051,hotel_287
2044,guest_2052,hotel_266
2045,guest_2053,hotel_287
2046,guest_2054,hotel_271
2047,guest_2055,hotel_226
2048,guest_2056,hotel_323
2049,guest_2057,hotel_275
2050,guest_2058,hotel_303
2051,guest_2059,hotel_240
2052,guest_2060,hotel_159
2053,guest_2061,hotel_264
2054,guest_2062,hotel_290
2055,guest_2063,hotel_323
2056,guest_2064,hotel_323
2057,guest_2065,hotel_100
2058,guest_2066,hotel_236
2059,guest_2067,hotel_220
2060,guest_2068,hotel_363
2061,guest_2069,hotel_274
2062,guest_2070,hotel_318
2063,guest_2071,hotel_118
2064,guest_2072,hotel_161
2065,guest_2073,hotel_220
2066,guest_2074,hotel_274
2067,guest_2075,hotel_348
2068,guest_2076,hotel_318
2069,guest_2077,hotel_62
2070,guest_2078,hotel_348
2071,guest_2079,hotel_303
2072,guest_2080,hotel_333
2073,guest_2081,hotel_390
2074,guest_2082,hotel_274
2075,guest_2083,hotel_130
2076,guest_2084,hotel_133
2077,guest_2085,hotel_281
2078,guest_2086,hotel_179
2079,guest_2087,hotel_37
2080,guest_2088,hotel_236
2081,guest_2089,hotel_118
2082,guest_2090,hotel_281
2083,guest_2091,hotel_226
2084,guest_2092,hotel_183
2085,guest_2093,hotel_152
2086,guest_2094,hotel_383
2087,guest_2095,hotel_281
2088,guest_2096,hotel_14
2089,guest_2097,hotel_183
2090,guest_2098,hotel_56
2091,guest_2099,hotel_287
2092,guest_2100,hotel_383
2093,guest_2101,hotel_377
2094,guest_2102,hotel_381
2095,guest_2103,hotel_142
2096,guest_2104,hotel_126
2097,guest_2105,hotel_100
2098,guest_2106,hotel_101
2099,guest_2107,hotel_228
2100,guest_2108,hotel_205
2101,guest_2109,hotel_52
2102,guest_2110,hotel_130
2103,guest_2111,hotel_4
2104,guest_2112,hotel_210
2105,guest_2113,hotel_348
2106,guest_2114,hotel_264
2107,guest_2115,hotel_226
2108,guest_2116,hotel_223
2109,guest_2117,hotel_281
2110,guest_2118,hotel_20
2111,guest_2119,hotel_357
2112,guest_2120,hotel_275
2113,guest_2121,hotel_100
2114,guest_2122,hotel_272
2115,guest_2123,hotel_271
2116,guest_2124,hotel_333
2117,guest_2125,hotel_226
2118,guest_2126,hotel_237
2119,guest_2127,hotel_348
2120,guest_2128,hotel_171
2121,guest_2129,hotel_390
2122,guest_2130,hotel_266
2123,guest_2131,hotel_226
2124,guest_2132,hotel_274
2125,guest_2133,hotel_34
2126,guest_2134,hotel_100
2127,guest_2135,hotel_4
2128,guest_2136,hotel_281
2129,guest_2137,hotel_142
2130,guest_2138,hotel_32
2131,guest_2139,hotel_142
2132,guest_2140,hotel_232
2133,guest_2141,hotel_152
2134,guest_2142,hotel_8
2135,guest_2143,hotel_131
2136,guest_2144,hotel_390
2137,guest_2145,hotel_100
2138,guest_2146,hotel_275
2139,guest_2147,hotel_75
2140,guest_2148,hotel_357
2141,guest_2149,hotel_274
2142,guest_2150,hotel_287
2143,guest_2151,hotel_275
2144,guest_2152,hotel_142
2145,guest_2153,hotel_299
2146,guest_2154,hotel_142
2147,guest_2155,hotel_52
2148,guest_2156,hotel_226
2149,guest_2157,hotel_52
2150,guest_2158,hotel_266
2151,guest_2159,hotel_266
2152,guest_2160,hotel_140
2153,guest_2161,hotel_13
2154,guest_2162,hotel_335
2155,guest_2163,hotel_371
2156,guest_2164,hotel_118
2157,guest_2165,hotel_101
2158,guest_2166,hotel_52
2159,guest_2167,hotel_364
2160,guest_2168,hotel_371
2161,guest_2169,hotel_4
2162,guest_2170,hotel_4
2163,guest_2171,hotel_333
2164,guest_2172,hotel_359
2165,guest_2173,hotel_4
2166,guest_2174,hotel_313
2167,guest_2175,hotel_275
2168,guest_2176,hotel_287
2169,guest_2177,hotel_171
2170,guest_2178,hotel_4
2171,guest_2179,hotel_122
2172,guest_2180,hotel_52
2173,guest_2182,hotel_101
2174,guest_2183,hotel_37
2175,guest_2184,hotel_333
2176,guest_2185,hotel_371
2177,guest_2186,hotel_371
2178,guest_2187,hotel_303
2179,guest_2188,hotel_130
2180,guest_2189,hotel_383
2181,guest_2190,hotel_274
2182,guest_2191,hotel_114
2183,guest_2192,hotel_346
2184,guest_2193,hotel_101
2185,guest_2194,hotel_52
2186,guest_2195,hotel_287
2187,guest_2196,hotel_100
2188,guest_2197,hotel_52
2189,guest_2198,hotel_200
2190,guest_2199,hotel_128
2191,guest_2200,hotel_386
2192,guest_2201,hotel_359
2193,guest_2202,hotel_100
2194,guest_2203,hotel_73
2195,guest_2204,hotel_275
2196,guest_2205,hotel_303
2197,guest_2206,hotel_118
2198,guest_2207,hotel_183
2199,guest_2208,hotel_37
2200,guest_2209,hotel_139
2201,guest_2210,hotel_52
2202,guest_2211,hotel_130
2203,guest_2212,hotel_359
2204,guest_2213,hotel_82
2205,guest_2214,hotel_206
2206,guest_2215,hotel_100
2207,guest_2216,hotel_101
2208,guest_2217,hotel_130
2209,guest_2218,hotel_128
2210,guest_2219,hotel_52
2211,guest_2220,hotel_303
2212,guest_2221,hotel_371
2213,guest_2222,hotel_140
2214,guest_2223,hotel_52
2215,guest_2224,hotel_290
2216,guest_2225,hotel_390
2217,guest_2226,hotel_281
2218,guest_2227,hotel_52
2219,guest_2228,hotel_281
2220,guest_2229,hotel_357
2221,guest_2230,hotel_200
2222,guest_2231,hotel_191
2223,guest_2232,hotel_255
2224,guest_2233,hotel_377
2225,guest_2234,hotel_191
2226,guest_2235,hotel_290
2227,guest_2236,hotel_100
2228,guest_2237,hotel_200
2229,guest_2238,hotel_101
2230,guest_2239,hotel_122
2231,guest_2240,hotel_333
2232,guest_2241,hotel_4
2233,guest_2242,hotel_183
2234,guest_2243,hotel_128
2235,guest_2244,hotel_100
2236,guest_2245,hotel_377
2237,guest_2246,hotel_101
2238,guest_2247,hotel_52
2239,guest_2248,hotel_272
2240,guest_2249,hotel_359
2241,guest_2250,hotel_371
2242,guest_2251,hotel_346
2243,guest_2252,hotel_80
2244,guest_2253,hotel_64
2245,guest_2254,hotel_133
2246,guest_2255,hotel_101
2247,guest_2256,hotel_32
2248,guest_2257,hotel_287
2249,guest_2258,hotel_316
2250,guest_2259,hotel_122
2251,guest_2260,hotel_371
2252,guest_2261,hotel_287
2253,guest_2262,hotel_81
2254,guest_2263,hotel_290
2255,guest_2264,hotel_96
2256,guest_2265,hotel_299
2257,guest_2266,hotel_122
2258,guest_2267,hotel_71
2259,guest_2268,hotel_390
2260,guest_2269,hotel_32
2261,guest_2270,hotel_122
2262,guest_2271,hotel_32
2263,guest_2272,hotel_52
2264,guest_2273,hotel_374
2265,guest_2274,hotel_310
2266,guest_2275,hotel_303
2267,guest_2276,hotel_4
2268,guest_2277,hotel_36
2269,guest_2278,hotel_128
2270,guest_2279,hotel_303
2271,guest_2280,hotel_359
2272,guest_2281,hotel_171
2273,guest_2282,hotel_128
2274,guest_2283,hotel_281
2275,guest_2284,hotel_335
2276,guest_2285,hotel_122
2277,guest_2286,hotel_255
2278,guest_2287,hotel_182
2279,guest_2288,hotel_4
2280,guest_2289,hotel_287
2281,guest_2290,hotel_4
2282,guest_2291,hotel_128
2283,guest_2292,hotel_52
2284,guest_2293,hotel_186
2285,guest_2294,hotel_232
2286,guest_2295,hotel_274
2287,guest_2296,hotel_299
2288,guest_2297,hotel_97
2289,guest_2299,hotel_100
2290,guest_2300,hotel_69
2291,guest_2301,hotel_122
2292,guest_2302,hotel_161
2293,guest_2303,hotel_395
2294,guest_2304,hotel_364
2295,guest_2305,hotel_364
2296,guest_2306,hotel_359
2297,guest_2307,hotel_4
2298,guest_2308,hotel_25
2299,guest_2309,hotel_118
2300,guest_2310,hotel_266
2301,guest_2311,hotel_371
2302,guest_2312,hotel_100
2303,guest_2313,hotel_299
2304,guest_2314,hotel_266
2305,guest_2315,hotel_335
2306,guest_2316,hotel_100
2307,guest_2317,hotel_364
2308,guest_2318,hotel_216
2309,guest_2319,hotel_71
2310,guest_2320,hotel_100
2311,guest_2321,hotel_377
2312,guest_2322,hotel_71
2313,guest_2323,hotel_266
2314,guest_2324,hotel_122
2315,guest_2325,hotel_303
2316,guest_2326,hotel_227
2317,guest_2327,hotel_303
2318,guest_2328,hotel_210
2319,guest_2329,hotel_101
2320,guest_2330,hotel_89
2321,guest_2331,hotel_316
2322,guest_2332,hotel_126
2323,guest_2333,hotel_274
2324,guest_2334,hotel_281
2325,guest_2335,hotel_210
2326,guest_2336,hotel_114
2327,guest_2337,hotel_303
2328,guest_2338,hotel_274
2329,guest_2339,hotel_101
2330,guest_2340,hotel_122
2331,guest_2341,hotel_377
2332,guest_2342,hotel_200
2333,guest_2343,hotel_210
2334,guest_2344,hotel_221
2335,guest_2345,hotel_303
2336,guest_2346,hotel_313
2337,guest_2347,hotel_359
2338,guest_2348,hotel_299
2339,guest_2349,hotel_114
2340,guest_2350,hotel_91
2341,guest_2351,hotel_266
2342,guest_2352,hotel_385
2343,guest_2353,hotel_272
2344,guest_2354,hotel_359
2345,guest_2355,hotel_374
2346,guest_2356,hotel_272
2347,guest_2357,hotel_96
2348,guest_2358,hotel_346
2349,guest_2359,hotel_205
2350,guest_2360,hotel_193
2351,guest_2361,hotel_374
2352,guest_2362,hotel_316
2353,guest_2363,hotel_266
2354,guest_2364,hotel_255
2355,guest_2365,hotel_210
2356,guest_2366,hotel_299
2357,guest_2367,hotel_303
2358,guest_2368,hotel_299
2359,guest_2369,hotel_186
2360,guest_2370,hotel_32
2361,guest_2371,hotel_193
2362,guest_2372,hotel_324
2363,guest_2373,hotel_248
2364,guest_2374,hotel_34
2365,guest_2375,hotel_151
2366,guest_2376,hotel_306
2367,guest_2377,hotel_303
2368,guest_2378,hotel_193
2369,guest_2379,hotel_290
2370,guest_2380,hotel_364
2371,guest_2381,hotel_133
2372,guest_2382,hotel_303
2373,guest_2383,hotel_36
2374,guest_2384,hotel_71
2375,guest_2386,hotel_364
2376,guest_2387,hotel_193
2377,guest_2388,hotel_346
2378,guest_2389,hotel_67
2379,guest_2390,hotel_266
2380,guest_2391,hotel_316
2381,guest_2392,hotel_303
2382,guest_2393,hotel_313
2383,guest_2394,hotel_205
2384,guest_2395,hotel_66
2385,guest_2396,hotel_290
2386,guest_2397,hotel_266
2387,guest_2398,hotel_362
2388,guest_2399,hotel_122
2389,guest_2400,hotel_161
2390,guest_2401,hotel_386
2391,guest_2402,hotel_114
2392,guest_2403,hotel_54
2393,guest_2404,hotel_356
2394,guest_2405,hotel_316
2395,guest_2406,hotel_20
2396,guest_2407,hotel_34
2397,guest_2408,hotel_299
2398,guest_2409,hotel_98
2399,guest_2410,hotel_91
2400,guest_2411,hotel_118
2401,guest_2412,hotel_193
2402,guest_2413,hotel_182
2403,guest_2414,hotel_132
2404,guest_2415,hotel_48
2405,guest_2416,hotel_71
2406,guest_2417,hotel_266
2407,guest_2418,hotel_193
2408,guest_2419,hotel_98
2409,guest_2420,hotel_193
2410,guest_2421,hotel_14
2411,guest_2422,hotel_328
2412,guest_2423,hotel_148
2413,guest_2424,hotel_374
2414,guest_2425,hotel_122
2415,guest_2426,hotel_148
2416,guest_2427,hotel_34
2417,guest_2428,hotel_374
2418,guest_2429,hotel_260
2419,guest_2430,hotel_118
2420,guest_2431,hotel_308
2421,guest_2432,hotel_114
2422,guest_2433,hotel_300
2423,guest_2434,hotel_34
2424,guest_2435,hotel_71
2425,guest_2436,hotel_391
2426,guest_2437,hotel_182
2427,guest_2438,hotel_364
2428,guest_2439,hotel_364
2429,guest_2440,hotel_346
2430,guest_2441,hotel_343
2431,guest_2442,hotel_374
2432,guest_2443,hotel_272
2433,guest_2444,hotel_374
2434,guest_2445,hotel_71
2435,guest_2446,hotel_255
2436,guest_2447,hotel_187
2437,guest_2448,hotel_13
2438,guest_2449,hotel_328
2439,guest_2450,hotel_272
2440,guest_2451,hotel_84
2441,guest_2452,hotel_346
2442,guest_2453,hotel_272
2443,guest_2454,hotel_206
2444,guest_2455,hotel_34
2445,guest_2456,hotel_32
2446,guest_2457,hotel_96
2447,guest_2458,hotel_133
2448,guest_2459,hotel_364
2449,guest_2460,hotel_34
2450,guest_2461,hotel_306
2451,guest_2462,hotel_13
2452,guest_2463,hotel_133
2453,guest_2464,hotel_31
2454,guest_2465,hotel_133
2455,guest_2466,hotel_328
2456,guest_2467,hotel_98
2457,guest_2468,hotel_346
2458,guest_2469,hotel_32
2459,guest_2470,hotel_126
2460,guest_2471,hotel_21
2461,guest_2472,hotel_140
2462,guest_2473,hotel_364
2463,guest_2474,hotel_34
2464,guest_2475,hotel_331
2465,guest_2476,hotel_227
2466,guest_2477,hotel_313
2467,guest_2478,hotel_32
2468,guest_2479,hotel_206
2469,guest_2481,hotel_83
2470,guest_2482,hotel_161
2471,guest_2483,hotel_31
2472,guest_2485,hotel_346
2473,guest_2486,hotel_378
2474,guest_2487,hotel_370
2475,guest_2488,hotel_20
2476,guest_2489,hotel_374
2477,guest_2490,hotel_37
2478,guest_2491,hotel_311
2479,guest_2492,hotel_126
2480,guest_2493,hotel_151
2481,guest_2494,hotel_193
2482,guest_2495,hotel_139
2483,guest_2496,hotel_266
2484,guest_2497,hotel_313
2485,guest_2498,hotel_205
2486,guest_2499,hotel_266
2487,guest_2500,hotel_32
2488,guest_2501,hotel_36
2489,guest_2502,hotel_255
2490,guest_2504,hotel_182
2491,guest_2505,hotel_89
2492,guest_2506,hotel_374
2493,guest_2507,hotel_205
2494,guest_2508,hotel_126
2495,guest_2509,hotel_266
2496,guest_2510,hotel_32
2497,guest_2511,hotel_20
2498,guest_2513,hotel_374
2499,guest_2514,hotel_362
2500,guest_2515,hotel_91
2501,guest_2516,hotel_118
2502,guest_2517,hotel_65
2503,guest_2518,hotel_272
2504,guest_2519,hotel_206
2505,guest_2520,hotel_316
2506,guest_2521,hotel_182
2507,guest_2522,hotel_378
2508,guest_2523,hotel_161
2509,guest_2524,hotel_200
2510,guest_2525,hotel_205
2511,guest_2526,hotel_316
2512,guest_2527,hotel_374
2513,guest_2528,hotel_182
2514,guest_2529,hotel_205
2515,guest_2530,hotel_186
2516,guest_2531,hotel_346
2517,guest_2532,hotel_322
2518,guest_2533,hotel_8
2519,guest_2534,hotel_272
2520,guest_2535,hotel_300
2521,guest_2536,hotel_272
2522,guest_2537,hotel_99
2523,guest_2538,hotel_182
2524,guest_2539,hotel_285
2525,guest_2541,hotel_353
2526,guest_2542,hotel_228
2527,guest_2543,hotel_260
2528,guest_2544,hotel_185
2529,guest_2545,hotel_37
2530,guest_2546,hotel_313
2531,guest_2547,hotel_396
2532,guest_2548,hotel_20
2533,guest_2549,hotel_205
2534,guest_2550,hotel_205
2535,guest_2551,hotel_193
2536,guest_2552,hotel_346
2537,guest_2553,hotel_123
2538,guest_2554,hotel_228
2539,guest_2555,hotel_132
2540,guest_2556,hotel_161
2541,guest_2557,hotel_31
2542,guest_2558,hotel_316
2543,guest_2559,hotel_14
2544,guest_2560,hotel_316
2545,guest_2561,hotel_374
2546,guest_2562,hotel_228
2547,guest_2563,hotel_343
2548,guest_2564,hotel_193
2549,guest_2565,hotel_31
2550,guest_2566,hotel_378
2551,guest_2567,hotel_362
2552,guest_2568,hotel_71
2553,guest_2569,hotel_272
2554,guest_2570,hotel_205
2555,guest_2571,hotel_20
2556,guest_2572,hotel_91
2557,guest_2573,hotel_200
2558,guest_2574,hotel_151
2559,guest_2575,hotel_346
2560,guest_2576,hotel_36
2561,guest_2577,hotel_205
2562,guest_2578,hotel_133
2563,guest_2579,hotel_205
2564,guest_2580,hotel_151
2565,guest_2581,hotel_151
2566,guest_2582,hotel_206
2567,guest_2583,hotel_89
2568,guest_2584,hotel_205
2569,guest_2585,hotel_67
2570,guest_2586,hotel_118
2571,guest_2587,hotel_32
2572,guest_2588,hotel_374
2573,guest_2589,hotel_378
2574,guest_2590,hotel_376
2575,guest_2591,hotel_133
2576,guest_2592,hotel_71
2577,guest_2593,hotel_193
2578,guest_2594,hotel_32
2579,guest_2595,hotel_205
2580,guest_2596,hotel_99
2581,guest_2597,hotel_259
2582,guest_2598,hotel_186
2583,guest_2599,hotel_71
2584,guest_2600,hotel_182
2585,guest_2601,hotel_272
2586,guest_2602,hotel_193
2587,guest_2603,hotel_91
2588,guest_2604,hotel_182
2589,guest_2605,hotel_260
2590,guest_2606,hotel_71
2591,guest_2607,hotel_99
2592,guest_2608,hotel_332
2593,guest_2609,hotel_362
2594,guest_2610,hotel_272
2595,guest_2611,hotel_118
2596,guest_2612,hotel_32
2597,guest_2613,hotel_32
2598,guest_2614,hotel_221
2599,guest_2615,hotel_182
2600,guest_2616,hotel_138
2601,guest_2617,hotel_346
2602,guest_2618,hotel_32
2603,guest_2619,hotel_32
2604,guest_2620,hotel_20
2605,guest_2621,hotel_362
2606,guest_2622,hotel_151
2607,guest_2623,hotel_32
2608,guest_2624,hotel_13
2609,guest_2625,hotel_99
2610,guest_2626,hotel_300
2611,guest_2627,hotel_346
2612,guest_2628,hotel_206
2613,guest_2629,hotel_114
2614,guest_2630,hotel_315
2615,guest_2631,hotel_71
2616,guest_2632,hotel_228
2617,guest_2633,hotel_114
2618,guest_2634,hotel_96
2619,guest_2635,hotel_313
2620,guest_2636,hotel_151
2621,guest_2637,hotel_14
2622,guest_2638,hotel_186
2623,guest_2639,hotel_205
2624,guest_2640,hotel_391
2625,guest_2641,hotel_114
2626,guest_2642,hotel_260
2627,guest_2643,hotel_272
2628,guest_2645,hotel_36
2629,guest_2646,hotel_370
2630,guest_2647,hotel_205
2631,guest_2648,hotel_133
2632,guest_2649,hotel_186
2633,guest_2650,hotel_140
2634,guest_2651,hotel_328
2635,guest_2653,hotel_316
2636,guest_2654,hotel_379
2637,guest_2655,hotel_132
2638,guest_2656,hotel_285
2639,guest_2657,hotel_91
2640,guest_2658,hotel_126
2641,guest_2660,hotel_114
2642,guest_2661,hotel_186
2643,guest_2662,hotel_316
2644,guest_2663,hotel_313
2645,guest_2664,hotel_159
2646,guest_2665,hotel_346
2647,guest_2666,hotel_36
2648,guest_2667,hotel_200
2649,guest_2669,hotel_75
2650,guest_2670,hotel_126
2651,guest_2671,hotel_221
2652,guest_2672,hotel_126
2653,guest_2673,hotel_114
2654,guest_2674,hotel_54
2655,guest_2675,hotel_346
2656,guest_2676,hotel_133
2657,guest_2677,hotel_313
2658,guest_2678,hotel_260
2659,guest_2679,hotel_322
2660,guest_2680,hotel_206
2661,guest_2681,hotel_227
2662,guest_2682,hotel_114
2663,guest_2683,hotel_200
2664,guest_2684,hotel_316
2665,guest_2685,hotel_227
2666,guest_2686,hotel_228
2667,guest_2687,hotel_186
2668,guest_2688,hotel_114
2669,guest_2689,hotel_372
2670,guest_2690,hotel_200
2671,guest_2691,hotel_14
2672,guest_2692,hotel_148
2673,guest_2693,hotel_228
2674,guest_2694,hotel_378
2675,guest_2695,hotel_206
2676,guest_2696,hotel_227
2677,guest_2697,hotel_206
2678,guest_2698,hotel_391
2679,guest_2699,hotel_346
2680,guest_2700,hotel_228
2681,guest_2701,hotel_313
2682,guest_2702,hotel_328
2683,guest_2703,hotel_182
2684,guest_2704,hotel_356
2685,guest_2705,hotel_328
2686,guest_2707,hotel_139
2687,guest_2708,hotel_161
2688,guest_2709,hotel_185
2689,guest_2710,hotel_114
2690,guest_2711,hotel_200
2691,guest_2712,hotel_31
2692,guest_2713,hotel_285
2693,guest_2714,hotel_206
2694,guest_2715,hotel_182
2695,guest_2716,hotel_372
2696,guest_2717,hotel_378
2697,guest_2718,hotel_374
2698,guest_2719,hotel_186
2699,guest_2720,hotel_227
2700,guest_2721,hotel_363
2701,guest_2722,hotel_69
2702,guest_2723,hotel_374
2703,guest_2724,hotel_182
2704,guest_2725,hotel_67
2705,guest_2726,hotel_259
2706,guest_2727,hotel_140
2707,guest_2728,hotel_393
2708,guest_2729,hotel_385
2709,guest_2730,hotel_114
2710,guest_2731,hotel_14
2711,guest_2732,hotel_186
2712,guest_2733,hotel_216
2713,guest_2734,hotel_98
2714,guest_2735,hotel_316
2715,guest_2736,hotel_374
2716,guest_2737,hotel_31
2717,guest_2738,hotel_353
2718,guest_2739,hotel_328
2719,guest_2740,hotel_13
2720,guest_2741,hotel_132
2721,guest_2742,hotel_114
2722,guest_2743,hotel_228
2723,guest_2744,hotel_12
2724,guest_2745,hotel_99
2725,guest_2746,hotel_378
2726,guest_2747,hotel_67
2727,guest_2748,hotel_143
2728,guest_2749,hotel_370
2729,guest_2750,hotel_221
2730,guest_2751,hotel_67
2731,guest_2753,hotel_132
2732,guest_2754,hotel_200
2733,guest_2755,hotel_200
2734,guest_2756,hotel_313
2735,guest_2757,hotel_132
2736,guest_2758,hotel_353
2737,guest_2759,hotel_374
2738,guest_2760,hotel_84
2739,guest_2761,hotel_91
2740,guest_2762,hotel_353
2741,guest_2763,hotel_98
2742,guest_2764,hotel_126
2743,guest_2765,hotel_353
2744,guest_2766,hotel_227
2745,guest_2768,hotel_50
2746,guest_2769,hotel_396
2747,guest_2770,hotel_313
2748,guest_2771,hotel_56
2749,guest_2772,hotel_221
2750,guest_2773,hotel_31
2751,guest_2774,hotel_182
2752,guest_2775,hotel_31
2753,guest_2776,hotel_228
2754,guest_2777,hotel_13
2755,guest_2778,hotel_316
2756,guest_2779,hotel_72
2757,guest_2780,hotel_227
2758,guest_2781,hotel_286
2759,guest_2782,hotel_159
2760,guest_2783,hotel_186
2761,guest_2784,hotel_13
2762,guest_2785,hotel_353
2763,guest_2786,hotel_260
2764,guest_2787,hotel_248
2765,guest_2788,hotel_89
2766,guest_2789,hotel_306
2767,guest_2790,hotel_285
2768,guest_2791,hotel_83
2769,guest_2792,hotel_56
2770,guest_2793,hotel_132
2771,guest_2794,hotel_216
2772,guest_2795,hotel_182
2773,guest_2796,hotel_378
2774,guest_2797,hotel_237
2775,guest_2798,hotel_326
2776,guest_2799,hotel_378
2777,guest_2800,hotel_64
2778,guest_2801,hotel_327
2779,guest_2802,hotel_313
2780,guest_2803,hotel_67
2781,guest_2804,hotel_67
2782,guest_2805,hotel_200
2783,guest_2806,hotel_98
2784,guest_2807,hotel_328
2785,guest_2808,hotel_313
2786,guest_2809,hotel_200
2787,guest_2810,hotel_126
2788,guest_2811,hotel_313
2789,guest_2812,hotel_13
2790,guest_2813,hotel_260
2791,guest_2814,hotel_260
2792,guest_2815,hotel_98
2793,guest_2816,hotel_326
2794,guest_2817,hotel_322
2795,guest_2818,hotel_285
2796,guest_2819,hotel_114
2797,guest_2820,hotel_300
2798,guest_2821,hotel_75
2799,guest_2822,hotel_132
2800,guest_2823,hotel_140
2801,guest_2824,hotel_64
2802,guest_2825,hotel_260
2803,guest_2826,hotel_232
2804,guest_2827,hotel_213
2805,guest_2828,hotel_259
2806,guest_2829,hotel_143
2807,guest_2830,hotel_353
2808,guest_2831,hotel_254
2809,guest_2832,hotel_75
2810,guest_2833,hotel_200
2811,guest_2834,hotel_126
2812,guest_2835,hotel_126
2813,guest_2836,hotel_362
2814,guest_2837,hotel_254
2815,guest_2838,hotel_353
2816,guest_2839,hotel_353
2817,guest_2840,hotel_132
2818,guest_2841,hotel_284
2819,guest_2842,hotel_363
2820,guest_2843,hotel_240
2821,guest_2844,hotel_13
2822,guest_2845,hotel_396
2823,guest_2846,hotel_67
2824,guest_2847,hotel_83
2825,guest_2848,hotel_327
2826,guest_2849,hotel_98
2827,guest_2851,hotel_64
2828,guest_2852,hotel_126
2829,guest_2853,hotel_48
2830,guest_2854,hotel_114
2831,guest_2855,hotel_378
2832,guest_2856,hotel_356
2833,guest_2857,hotel_91
2834,guest_2859,hotel_353
2835,guest_2860,hotel_46
2836,guest_2861,hotel_159
2837,guest_2862,hotel_306
2838,guest_2863,hotel_56
2839,guest_2864,hotel_67
2840,guest_2865,hotel_186
2841,guest_2866,hotel_126
2842,guest_2867,hotel_378
2843,guest_2868,hotel_64
2844,guest_2869,hotel_396
2845,guest_2871,hotel_83
2846,guest_2872,hotel_126
2847,guest_2873,hotel_114
2848,guest_2874,hotel_378
2849,guest_2875,hotel_83
2850,guest_2876,hotel_89
2851,guest_2878,hotel_91
2852,guest_2879,hotel_328
2853,guest_2880,hotel_126
2854,guest_2881,hotel_67
2855,guest_2882,hotel_96
2856,guest_2883,hotel_56
2857,guest_2884,hotel_378
2858,guest_2885,hotel_186
2859,guest_2886,hotel_370
2860,guest_2887,hotel_212
2861,guest_2888,hotel_91
2862,guest_2889,hotel_248
2863,guest_2890,hotel_311
2864,guest_2891,hotel_212
2865,guest_2892,hotel_60
2866,guest_2893,hotel_89
2867,guest_2894,hotel_378
2868,guest_2895,hotel_356
2869,guest_2896,hotel_353
2870,guest_2897,hotel_91
2871,guest_2898,hotel_378
2872,guest_2899,hotel_372
2873,guest_2900,hotel_148
2874,guest_2901,hotel_237
2875,guest_2902,hotel_328
2876,guest_2903,hotel_67
2877,guest_2904,hotel_67
2878,guest_2905,hotel_232
2879,guest_2906,hotel_75
2880,guest_2907,hotel_372
2881,guest_2908,hotel_91
2882,guest_2909,hotel_83
2883,guest_2910,hotel_56
2884,guest_2912,hotel_140
2885,guest_2913,hotel_96
2886,guest_2914,hotel_81
2887,guest_2915,hotel_378
2888,guest_2916,hotel_67
2889,guest_2917,hotel_306
2890,guest_2918,hotel_227
2891,guest_2919,hotel_356
2892,guest_2920,hotel_285
2893,guest_2921,hotel_258
2894,guest_2922,hotel_362
2895,guest_2923,hotel_286
2896,guest_2924,hotel_98
2897,guest_2925,hotel_186
2898,guest_2926,hotel_328
2899,guest_2927,hotel_378
2900,guest_2928,hotel_378
2901,guest_2929,hotel_353
2902,guest_2930,hotel_89
2903,guest_2931,hotel_83
2904,guest_2932,hotel_186
2905,guest_2933,hotel_159
2906,guest_2934,hotel_310
2907,guest_2935,hotel_227
2908,guest_2936,hotel_395
2909,guest_2937,hotel_363
2910,guest_2938,hotel_302
2911,guest_2939,hotel_259
2912,guest_2940,hotel_232
2913,guest_2941,hotel_96
2914,guest_2943,hotel_378
2915,guest_2944,hotel_143
2916,guest_2945,hotel_13
2917,guest_2946,hotel_98
2918,guest_2947,hotel_356
2919,guest_2948,hotel_240
2920,guest_2949,hotel_143
2921,guest_2950,hotel_328
2922,guest_2951,hotel_232
2923,guest_2952,hotel_258
2924,guest_2953,hotel_372
2925,guest_2954,hotel_376
2926,guest_2955,hotel_284
2927,guest_2956,hotel_126
2928,guest_2957,hotel_234
2929,guest_2958,hotel_248
2930,guest_2959,hotel_362
2931,guest_2960,hotel_9
2932,guest_2961,hotel_159
2933,guest_2962,hotel_123
2934,guest_2964,hotel_223
2935,guest_2965,hotel_98
2936,guest_2966,hotel_356
2937,guest_2967,hotel_310
2938,guest_2968,hotel_13
2939,guest_2969,hotel_276
2940,guest_2970,hotel_107
2941,guest_2971,hotel_212
2942,guest_2972,hotel_143
2943,guest_2973,hotel_13
2944,guest_2974,hotel_143
2945,guest_2975,hotel_89
2946,guest_2976,hotel_83
2947,guest_2977,hotel_362
2948,guest_2978,hotel_96
2949,guest_2979,hotel_98
2950,guest_2980,hotel_261
2951,guest_2981,hotel_362
2952,guest_2982,hotel_89
2953,guest_2983,hotel_143
2954,guest_2984,hotel_385
2955,guest_2985,hotel_372
2956,guest_2987,hotel_89
2957,guest_2988,hotel_312
2958,guest_2989,hotel_254
2959,guest_2990,hotel_300
2960,guest_2991,hotel_394
2961,guest_2992,hotel_328
2962,guest_2993,hotel_285
2963,guest_2994,hotel_372
2964,guest_2995,hotel_56
2965,guest_2996,hotel_13
2966,guest_2997,hotel_143
2967,guest_2998,hotel_395
2968,guest_2999,hotel_65
2969,guest_3000,hotel_12
2970,guest_3001,hotel_46
2971,guest_3002,hotel_13
2972,guest_3003,hotel_50
2973,guest_3005,hotel_98
2974,guest_3006,hotel_148
2975,guest_3007,hotel_328
2976,guest_3008,hotel_143
2977,guest_3009,hotel_300
2978,guest_3011,hotel_56
2979,guest_3012,hotel_306
2980,guest_3013,hotel_331
2981,guest_3014,hotel_159
2982,guest_3015,hotel_285
2983,guest_3016,hotel_248
2984,guest_3017,hotel_372
2985,guest_3018,hotel_159
2986,guest_3019,hotel_356
2987,guest_3020,hotel_56
2988,guest_3021,hotel_138
2989,guest_3022,hotel_83
2990,guest_3023,hotel_285
2991,guest_3024,hotel_328
2992,guest_3025,hotel_89
2993,guest_3026,hotel_89
2994,guest_3028,hotel_96
2995,guest_3029,hotel_89
2996,guest_3030,hotel_322
2997,guest_3031,hotel_300
2998,guest_3032,hotel_143
2999,guest_3033,hotel_56
3000,guest_3034,hotel_149
3001,guest_3035,hotel_159
3002,guest_3036,hotel_286
3003,guest_3037,hotel_300
3004,guest_3038,hotel_143
3005,guest_3039,hotel_8
3006,guest_3040,hotel_285
3007,guest_3041,hotel_56
3008,guest_3042,hotel_328
3009,guest_3043,hotel_361
3010,guest_3044,hotel_83
3011,guest_3045,hotel_143
3012,guest_3046,hotel_123
3013,guest_3047,hotel_276
3014,guest_3048,hotel_285
3015,guest_3049,hotel_328
3016,guest_3050,hotel_234
3017,guest_3051,hotel_98
3018,guest_3052,hotel_138
3019,guest_3053,hotel_300
3020,guest_3054,hotel_372
3021,guest_3055,hotel_347
3022,guest_3056,hotel_123
3023,guest_3057,hotel_286
3024,guest_3058,hotel_286
3025,guest_3059,hotel_12
3026,guest_3060,hotel_306
3027,guest_3061,hotel_362
3028,guest_3062,hotel_46
3029,guest_3063,hotel_83
3030,guest_3065,hotel_363
3031,guest_3066,hotel_65
3032,guest_3067,hotel_75
3033,guest_3068,hotel_8
3034,guest_3069,hotel_56
3035,guest_3070,hotel_254
3036,guest_3071,hotel_50
3037,guest_3072,hotel_306
3038,guest_3073,hotel_325
3039,guest_3074,hotel_286
3040,guest_3075,hotel_306
3041,guest_3076,hotel_143
3042,guest_3077,hotel_11
3043,guest_3078,hotel_56
3044,guest_3079,hotel_56
3045,guest_3080,hotel_50
3046,guest_3081,hotel_372
3047,guest_3082,hotel_124
3048,guest_3083,hotel_372
3049,guest_3084,hotel_248
3050,guest_3085,hotel_306
3051,guest_3086,hotel_286
3052,guest_3087,hotel_119
3053,guest_3088,hotel_83
3054,guest_3089,hotel_50
3055,guest_3090,hotel_83
3056,guest_3091,hotel_372
3057,guest_3092,hotel_395
3058,guest_3093,hotel_325
3059,guest_3094,hotel_143
3060,guest_3095,hotel_143
3061,guest_3096,hotel_56
3062,guest_3097,hotel_72
3063,guest_3098,hotel_376
3064,guest_3099,hotel_355
3065,guest_3100,hotel_96
3066,guest_3101,hotel_46
3067,guest_3102,hotel_285
3068,guest_3103,hotel_282
3069,guest_3104,hotel_216
3070,guest_3105,hotel_72
3071,guest_3106,hotel_138
3072,guest_3107,hotel_306
3073,guest_3108,hotel_83
3074,guest_3109,hotel_395
3075,guest_3110,hotel_46
3076,guest_3111,hotel_119
3077,guest_3112,hotel_187
3078,guest_3113,hotel_46
3079,guest_3114,hotel_392
3080,guest_3115,hotel_310
3081,guest_3116,hotel_347
3082,guest_3117,hotel_356
3083,guest_3118,hotel_56
3084,guest_3119,hotel_356
3085,guest_3120,hotel_363
3086,guest_3121,hotel_276
3087,guest_3122,hotel_385
3088,guest_3123,hotel_310
3089,guest_3124,hotel_362
3090,guest_3125,hotel_307
3091,guest_3126,hotel_310
3092,guest_3128,hotel_363
3093,guest_3129,hotel_392
3094,guest_3130,hotel_356
3095,guest_3131,hotel_372
3096,guest_3132,hotel_315
3097,guest_3133,hotel_216
3098,guest_3134,hotel_166
3099,guest_3135,hotel_232
3100,guest_3136,hotel_392
3101,guest_3137,hotel_50
3102,guest_3138,hotel_248
3103,guest_3139,hotel_75
3104,guest_3140,hotel_356
3105,guest_3141,hotel_56
3106,guest_3142,hotel_187
3107,guest_3143,hotel_75
3108,guest_3144,hotel_372
3109,guest_3145,hotel_21
3110,guest_3146,hotel_343
3111,guest_3147,hotel_372
3112,guest_3148,hotel_306
3113,guest_3149,hotel_392
3114,guest_3150,hotel_12
3115,guest_3151,hotel_310
3116,guest_3152,hotel_306
3117,guest_3153,hotel_258
3118,guest_3154,hotel_12
3119,guest_3155,hotel_225
3120,guest_3156,hotel_234
3121,guest_3157,hotel_326
3122,guest_3158,hotel_285
3123,guest_3159,hotel_234
3124,guest_3160,hotel_123
3125,guest_3161,hotel_363
3126,guest_3162,hotel_232
3127,guest_3163,hotel_372
3128,guest_3164,hotel_188
3129,guest_3165,hotel_261
3130,guest_3166,hotel_138
3131,guest_3167,hotel_261
3132,guest_3168,hotel_138
3133,guest_3169,hotel_361
3134,guest_3170,hotel_84
3135,guest_3171,hotel_240
3136,guest_3172,hotel_306
3137,guest_3174,hotel_343
3138,guest_3175,hotel_325
3139,guest_3176,hotel_356
3140,guest_3177,hotel_372
3141,guest_3178,hotel_119
3142,guest_3179,hotel_50
3143,guest_3180,hotel_138
3144,guest_3181,hotel_111
3145,guest_3182,hotel_75
3146,guest_3183,hotel_325
3147,guest_3184,hotel_356
3148,guest_3185,hotel_138
3149,guest_3186,hotel_356
3150,guest_3187,hotel_261
3151,guest_3188,hotel_261
3152,guest_3189,hotel_258
3153,guest_3190,hotel_138
3154,guest_3191,hotel_119
3155,guest_3192,hotel_259
3156,guest_3193,hotel_75
3157,guest_3194,hotel_9
3158,guest_3195,hotel_257
3159,guest_3196,hotel_259
3160,guest_3197,hotel_66
3161,guest_3199,hotel_25
3162,guest_3200,hotel_258
3163,guest_3202,hotel_285
3164,guest_3203,hotel_310
3165,guest_3204,hotel_261
3166,guest_3205,hotel_395
3167,guest_3206,hotel_356
3168,guest_3207,hotel_392
3169,guest_3208,hotel_187
3170,guest_3209,hotel_240
3171,guest_3210,hotel_385
3172,guest_3211,hotel_21
3173,guest_3212,hotel_178
3174,guest_3213,hotel_222
3175,guest_3214,hotel_25
3176,guest_3215,hotel_261
3177,guest_3216,hotel_325
3178,guest_3217,hotel_240
3179,guest_3218,hotel_261
3180,guest_3219,hotel_222
3181,guest_3220,hotel_395
3182,guest_3221,hotel_261
3183,guest_3222,hotel_395
3184,guest_3223,hotel_356
3185,guest_3224,hotel_234
3186,guest_3225,hotel_261
3187,guest_3226,hotel_285
3188,guest_3227,hotel_376
3189,guest_3228,hotel_322
3190,guest_3229,hotel_347
3191,guest_3230,hotel_240
3192,guest_3231,hotel_234
3193,guest_3232,hotel_259
3194,guest_3233,hotel_284
3195,guest_3234,hotel_356
3196,guest_3235,hotel_25
3197,guest_3236,hotel_9
3198,guest_3237,hotel_392
3199,guest_3238,hotel_66
3200,guest_3239,hotel_392
3201,guest_3240,hotel_392
3202,guest_3241,hotel_259
3203,guest_3242,hotel_213
3204,guest_3245,hotel_285
3205,guest_3246,hotel_392
3206,guest_3247,hotel_162
3207,guest_3248,hotel_325
3208,guest_3249,hotel_75
3209,guest_3250,hotel_166
3210,guest_3251,hotel_259
3211,guest_3252,hotel_361
3212,guest_3253,hotel_25
3213,guest_3254,hotel_11
3214,guest_3255,hotel_199
3215,guest_3256,hotel_343
3216,guest_3257,hotel_81
3217,guest_3258,hotel_325
3218,guest_3259,hotel_8
3219,guest_3260,hotel_138
3220,guest_3261,hotel_261
3221,guest_3262,hotel_267
3222,guest_3263,hotel_310
3223,guest_3264,hotel_395
3224,guest_3265,hotel_75
3225,guest_3266,hotel_314
3226,guest_3267,hotel_234
3227,guest_3268,hotel_284
3228,guest_3269,hotel_261
3229,guest_3270,hotel_138
3230,guest_3271,hotel_395
3231,guest_3272,hotel_325
3232,guest_3273,hotel_310
3233,guest_3274,hotel_146
3234,guest_3275,hotel_343
3235,guest_3276,hotel_10
3236,guest_3277,hotel_12
3237,guest_3278,hotel_234
3238,guest_3279,hotel_154
3239,guest_3280,hotel_75
3240,guest_3281,hotel_75
3241,guest_3282,hotel_187
3242,guest_3283,hotel_187
3243,guest_3284,hotel_93
3244,guest_3285,hotel_54
3245,guest_3286,hotel_84
3246,guest_3287,hotel_352
3247,guest_3288,hotel_315
3248,guest_3289,hotel_392
3249,guest_3290,hotel_254
3250,guest_3291,hotel_315
3251,guest_3292,hotel_21
3252,guest_3293,hotel_257
3253,guest_3294,hotel_315
3254,guest_3296,hotel_361
3255,guest_3297,hotel_138
3256,guest_3298,hotel_187
3257,guest_3299,hotel_75
3258,guest_3300,hotel_75
3259,guest_3301,hotel_343
3260,guest_3302,hotel_25
3261,guest_3303,hotel_392
3262,guest_3304,hotel_46
3263,guest_3305,hotel_234
3264,guest_3306,hotel_75
3265,guest_3307,hotel_21
3266,guest_3308,hotel_392
3267,guest_3309,hotel_80
3268,guest_3310,hotel_240
3269,guest_3311,hotel_25
3270,guest_3312,hotel_368
3271,guest_3313,hotel_298
3272,guest_3314,hotel_284
3273,guest_3315,hotel_325
3274,guest_3316,hotel_187
3275,guest_3317,hotel_254
3276,guest_3318,hotel_259
3277,guest_3319,hotel_201
3278,guest_3320,hotel_325
3279,guest_3321,hotel_21
3280,guest_3322,hotel_237
3281,guest_3323,hotel_315
3282,guest_3324,hotel_66
3283,guest_3325,hotel_347
3284,guest_3326,hotel_234
3285,guest_3327,hotel_259
3286,guest_3328,hotel_146
3287,guest_3329,hotel_46
3288,guest_3330,hotel_229
3289,guest_3331,hotel_392
3290,guest_3332,hotel_60
3291,guest_3333,hotel_25
3292,guest_3335,hotel_25
3293,guest_3336,hotel_156
3294,guest_3337,hotel_187
3295,guest_3338,hotel_392
3296,guest_3339,hotel_156
3297,guest_3340,hotel_257
3298,guest_3341,hotel_234
3299,guest_3342,hotel_392
3300,guest_3343,hotel_187
3301,guest_3344,hotel_240
3302,guest_3345,hotel_358
3303,guest_3346,hotel_234
3304,guest_3347,hotel_355
3305,guest_3348,hotel_361
3306,guest_3349,hotel_84
3307,guest_3350,hotel_392
3308,guest_3351,hotel_12
3309,guest_3352,hotel_284
3310,guest_3353,hotel_234
3311,guest_3354,hotel_209
3312,guest_3355,hotel_187
3313,guest_3356,hotel_325
3314,guest_3357,hotel_325
3315,guest_3358,hotel_370
3316,guest_3359,hotel_84
3317,guest_3360,hotel_187
3318,guest_3361,hotel_343
3319,guest_3362,hotel_11
3320,guest_3363,hotel_106
3321,guest_3364,hotel_60
3322,guest_3365,hotel_315
3323,guest_3366,hotel_315
3324,guest_3368,hotel_111
3325,guest_3369,hotel_392
3326,guest_3371,hotel_66
3327,guest_3372,hotel_69
3328,guest_3373,hotel_65
3329,guest_3374,hotel_259
3330,guest_3375,hotel_156
3331,guest_3376,hotel_191
3332,guest_3377,hotel_115
3333,guest_3378,hotel_347
3334,guest_3379,hotel_358
3335,guest_3380,hotel_187
3336,guest_3381,hotel_66
3337,guest_3382,hotel_9
3338,guest_3383,hotel_25
3339,guest_3384,hotel_11
3340,guest_3385,hotel_325
3341,guest_3386,hotel_10
3342,guest_3387,hotel_21
3343,guest_3388,hotel_69
3344,guest_3389,hotel_358
3345,guest_3390,hotel_46
3346,guest_3391,hotel_370
3347,guest_3392,hotel_25
3348,guest_3393,hotel_55
3349,guest_3394,hotel_358
3350,guest_3395,hotel_166
3351,guest_3396,hotel_325
3352,guest_3397,hotel_84
3353,guest_3398,hotel_381
3354,guest_3399,hotel_257
3355,guest_3401,hotel_43
3356,guest_3402,hotel_21
3357,guest_3403,hotel_21
3358,guest_3404,hotel_10
3359,guest_3405,hotel_10
3360,guest_3406,hotel_370
3361,guest_3407,hotel_222
3362,guest_3408,hotel_297
3363,guest_3409,hotel_85
3364,guest_3410,hotel_254
3365,guest_3411,hotel_25
3366,guest_3412,hotel_10
3367,guest_3413,hotel_343
3368,guest_3415,hotel_46
3369,guest_3416,hotel_343
3370,guest_3417,hotel_21
3371,guest_3418,hotel_156
3372,guest_3419,hotel_347
3373,guest_3420,hotel_9
3374,guest_3421,hotel_21
3375,guest_3422,hotel_106
3376,guest_3423,hotel_156
3377,guest_3424,hotel_254
3378,guest_3425,hotel_46
3379,guest_3426,hotel_103
3380,guest_3427,hotel_311
3381,guest_3428,hotel_327
3382,guest_3429,hotel_188
3383,guest_3430,hotel_322
3384,guest_3431,hotel_322
3385,guest_3432,hotel_329
3386,guest_3433,hotel_25
3387,guest_3434,hotel_10
3388,guest_3435,hotel_254
3389,guest_3436,hotel_282
3390,guest_3437,hotel_46
3391,guest_3438,hotel_393
3392,guest_3439,hotel_81
3393,guest_3440,hotel_1
3394,guest_3441,hotel_380
3395,guest_3442,hotel_355
3396,guest_3443,hotel_234
3397,guest_3444,hotel_21
3398,guest_3445,hotel_233
3399,guest_3446,hotel_185
3400,guest_3447,hotel_166
3401,guest_3448,hotel_259
3402,guest_3449,hotel_277
3403,guest_3450,hotel_46
3404,guest_3451,hotel_21
3405,guest_3452,hotel_265
3406,guest_3453,hotel_46
3407,guest_3454,hotel_307
3408,guest_3455,hotel_81
3409,guest_3456,hotel_375
3410,guest_3457,hotel_154
3411,guest_3458,hotel_254
3412,guest_3459,hotel_343
3413,guest_3460,hotel_282
3414,guest_3461,hotel_55
3415,guest_3462,hotel_188
3416,guest_3463,hotel_84
3417,guest_3464,hotel_370
3418,guest_3465,hotel_27
3419,guest_3466,hotel_146
3420,guest_3467,hotel_180
3421,guest_3468,hotel_222
3422,guest_3469,hotel_25
3423,guest_3470,hotel_11
3424,guest_3471,hotel_46
3425,guest_3472,hotel_327
3426,guest_3473,hotel_156
3427,guest_3474,hotel_180
3428,guest_3475,hotel_343
3429,guest_3476,hotel_284
3430,guest_3477,hotel_370
3431,guest_3478,hotel_209
3432,guest_3479,hotel_385
3433,guest_3480,hotel_180
3434,guest_3481,hotel_327
3435,guest_3482,hotel_25
3436,guest_3483,hotel_55
3437,guest_3484,hotel_46
3438,guest_3485,hotel_276
3439,guest_3487,hotel_25
3440,guest_3488,hotel_146
3441,guest_3489,hotel_385
3442,guest_3490,hotel_10
3443,guest_3491,hotel_209
3444,guest_3492,hotel_46
3445,guest_3493,hotel_315
3446,guest_3494,hotel_154
3447,guest_3495,hotel_315
3448,guest_3496,hotel_322
3449,guest_3497,hotel_327
3450,guest_3498,hotel_315
3451,guest_3499,hotel_11
3452,guest_3500,hotel_60
3453,guest_3501,hotel_329
3454,guest_3502,hotel_39
3455,guest_3503,hotel_69
3456,guest_3504,hotel_343
3457,guest_3505,hotel_327
3458,guest_3506,hotel_103
3459,guest_3507,hotel_8
3460,guest_3508,hotel_146
3461,guest_3509,hotel_385
3462,guest_3510,hotel_84
3463,guest_3511,hotel_199
3464,guest_3513,hotel_222
3465,guest_3514,hotel_87
3466,guest_3515,hotel_385
3467,guest_3516,hotel_343
3468,guest_3517,hotel_69
3469,guest_3518,hotel_69
3470,guest_3519,hotel_373
3471,guest_3520,hotel_146
3472,guest_3521,hotel_80
3473,guest_3522,hotel_257
3474,guest_3523,hotel_257
3475,guest_3524,hotel_185
3476,guest_3525,hotel_166
3477,guest_3527,hotel_12
3478,guest_3528,hotel_111
3479,guest_3529,hotel_111
3480,guest_3530,hotel_393
3481,guest_3531,hotel_54
3482,guest_3532,hotel_180
3483,guest_3533,hotel_315
3484,guest_3534,hotel_297
3485,guest_3535,hotel_69
3486,guest_3536,hotel_146
3487,guest_3537,hotel_191
3488,guest_3538,hotel_370
3489,guest_3539,hotel_10
3490,guest_3540,hotel_188
3491,guest_3541,hotel_284
3492,guest_3542,hotel_74
3493,guest_3543,hotel_209
3494,guest_3544,hotel_385
3495,guest_3545,hotel_209
3496,guest_3546,hotel_222
3497,guest_3547,hotel_12
3498,guest_3548,hotel_393
3499,guest_3549,hotel_326
3500,guest_3550,hotel_355
3501,guest_3551,hotel_276
3502,guest_3552,hotel_60
3503,guest_3553,hotel_399
3504,guest_3554,hotel_222
3505,guest_3555,hotel_12
3506,guest_3556,hotel_55
3507,guest_3557,hotel_209
3508,guest_3558,hotel_12
3509,guest_3560,hotel_69
3510,guest_3561,hotel_326
3511,guest_3562,hotel_8
3512,guest_3563,hotel_237
3513,guest_3564,hotel_385
3514,guest_3565,hotel_267
3515,guest_3566,hotel_84
3516,guest_3567,hotel_209
3517,guest_3568,hotel_11
3518,guest_3569,hotel_222
3519,guest_3570,hotel_103
3520,guest_3571,hotel_146
3521,guest_3572,hotel_156
3522,guest_3573,hotel_385
3523,guest_3574,hotel_1
3524,guest_3575,hotel_209
3525,guest_3576,hotel_257
3526,guest_3577,hotel_146
3527,guest_3578,hotel_166
3528,guest_3579,hotel_12
3529,guest_3580,hotel_180
3530,guest_3581,hotel_12
3531,guest_3582,hotel_18
3532,guest_3583,hotel_69
3533,guest_3584,hotel_80
3534,guest_3585,hotel_388
3535,guest_3586,hotel_146
3536,guest_3587,hotel_237
3537,guest_3588,hotel_329
3538,guest_3589,hotel_188
3539,guest_3590,hotel_355
3540,guest_3591,hotel_394
3541,guest_3592,hotel_315
3542,guest_3594,hotel_202
3543,guest_3595,hotel_327
3544,guest_3596,hotel_222
3545,guest_3597,hotel_263
3546,guest_3598,hotel_180
3547,guest_3599,hotel_180
3548,guest_3600,hotel_146
3549,guest_3601,hotel_376
3550,guest_3602,hotel_284
3551,guest_3603,hotel_277
3552,guest_3604,hotel_147
3553,guest_3605,hotel_209
3554,guest_3606,hotel_297
3555,guest_3607,hotel_103
3556,guest_3608,hotel_385
3557,guest_3609,hotel_54
3558,guest_3610,hotel_370
3559,guest_3611,hotel_180
3560,guest_3612,hotel_11
3561,guest_3613,hotel_180
3562,guest_3614,hotel_82
3563,guest_3615,hotel_257
3564,guest_3616,hotel_180
3565,guest_3617,hotel_103
3566,guest_3618,hotel_385
3567,guest_3619,hotel_39
3568,guest_3620,hotel_117
3569,guest_3621,hotel_284
3570,guest_3623,hotel_315
3571,guest_3624,hotel_312
3572,guest_3625,hotel_69
3573,guest_3627,hotel_180
3574,guest_3628,hotel_329
3575,guest_3629,hotel_44
3576,guest_3630,hotel_12
3577,guest_3631,hotel_84
3578,guest_3632,hotel_257
3579,guest_3633,hotel_44
3580,guest_3635,hotel_284
3581,guest_3636,hotel_326
3582,guest_3637,hotel_237
3583,guest_3638,hotel_199
3584,guest_3639,hotel_180
3585,guest_3640,hotel_340
3586,guest_3641,hotel_8
3587,guest_3642,hotel_180
3588,guest_3643,hotel_199
3589,guest_3644,hotel_12
3590,guest_3645,hotel_12
3591,guest_3646,hotel_222
3592,guest_3647,hotel_103
3593,guest_3648,hotel_115
3594,guest_3649,hotel_12
3595,guest_3650,hotel_326
3596,guest_3651,hotel_209
3597,guest_3652,hotel_368
3598,guest_3653,hotel_69
3599,guest_3654,hotel_69
3600,guest_3655,hotel_11
3601,guest_3656,hotel_209
3602,guest_3657,hotel_55
3603,guest_3658,hotel_69
3604,guest_3659,hotel_284
3605,guest_3660,hotel_191
3606,guest_3661,hotel_103
3607,guest_3662,hotel_263
3608,guest_3663,hotel_11
3609,guest_3664,hotel_54
3610,guest_3665,hotel_327
3611,guest_3666,hotel_191
3612,guest_3667,hotel_48
3613,guest_3668,hotel_156
3614,guest_3669,hotel_284
3615,guest_3672,hotel_60
3616,guest_3673,hotel_11
3617,guest_3674,hotel_222
3618,guest_3675,hotel_376
3619,guest_3676,hotel_11
3620,guest_3677,hotel_370
3621,guest_3678,hotel_80
3622,guest_3679,hotel_355
3623,guest_3680,hotel_336
3624,guest_3681,hotel_376
3625,guest_3682,hotel_80
3626,guest_3683,hotel_11
3627,guest_3684,hotel_265
3628,guest_3685,hotel_166
3629,guest_3686,hotel_376
3630,guest_3689,hotel_284
3631,guest_3690,hotel_336
3632,guest_3691,hotel_74
3633,guest_3692,hotel_111
3634,guest_3693,hotel_326
3635,guest_3694,hotel_324
3636,guest_3695,hotel_222
3637,guest_3696,hotel_370
3638,guest_3697,hotel_80
3639,guest_3698,hotel_103
3640,guest_3699,hotel_54
3641,guest_3700,hotel_393
3642,guest_3701,hotel_222
3643,guest_3702,hotel_237
3644,guest_3704,hotel_222
3645,guest_3705,hotel_60
3646,guest_3706,hotel_379
3647,guest_3707,hotel_284
3648,guest_3708,hotel_308
3649,guest_3709,hotel_54
3650,guest_3711,hotel_199
3651,guest_3712,hotel_127
3652,guest_3713,hotel_267
3653,guest_3714,hotel_368
3654,guest_3715,hotel_54
3655,guest_3716,hotel_331
3656,guest_3717,hotel_39
3657,guest_3718,hotel_265
3658,guest_3719,hotel_355
3659,guest_3720,hotel_107
3660,guest_3721,hotel_332
3661,guest_3722,hotel_340
3662,guest_3723,hotel_213
3663,guest_3724,hotel_80
3664,guest_3725,hotel_331
3665,guest_3727,hotel_44
3666,guest_3728,hotel_276
3667,guest_3729,hotel_54
3668,guest_3730,hotel_368
3669,guest_3731,hotel_263
3670,guest_3732,hotel_213
3671,guest_3733,hotel_147
3672,guest_3734,hotel_340
3673,guest_3735,hotel_222
3674,guest_3736,hotel_80
3675,guest_3737,hotel_72
3676,guest_3738,hotel_72
3677,guest_3739,hotel_282
3678,guest_3740,hotel_222
3679,guest_3741,hotel_331
3680,guest_3742,hotel_368
3681,guest_3743,hotel_73
3682,guest_3744,hotel_297
3683,guest_3745,hotel_162
3684,guest_3746,hotel_60
3685,guest_3747,hotel_80
3686,guest_3748,hotel_44
3687,guest_3749,hotel_54
3688,guest_3750,hotel_54
3689,guest_3751,hotel_11
3690,guest_3752,hotel_336
3691,guest_3753,hotel_60
3692,guest_3755,hotel_376
3693,guest_3756,hotel_326
3694,guest_3757,hotel_253
3695,guest_3758,hotel_370
3696,guest_3759,hotel_81
3697,guest_3760,hotel_54
3698,guest_3762,hotel_141
3699,guest_3763,hotel_115
3700,guest_3764,hotel_370
3701,guest_3765,hotel_115
3702,guest_3766,hotel_340
3703,guest_3767,hotel_199
3704,guest_3768,hotel_336
3705,guest_3769,hotel_73
3706,guest_3770,hotel_43
3707,guest_3771,hotel_276
3708,guest_3772,hotel_276
3709,guest_3773,hotel_124
3710,guest_3774,hotel_87
3711,guest_3775,hotel_308
3712,guest_3776,hotel_326
3713,guest_3777,hotel_314
3714,guest_3778,hotel_111
3715,guest_3779,hotel_11
3716,guest_3780,hotel_326
3717,guest_3781,hotel_293
3718,guest_3782,hotel_375
3719,guest_3783,hotel_237
3720,guest_3784,hotel_293
3721,guest_3785,hotel_282
3722,guest_3786,hotel_276
3723,guest_3787,hotel_263
3724,guest_3788,hotel_376
3725,guest_3790,hotel_229
3726,guest_3791,hotel_73
3727,guest_3792,hotel_331
3728,guest_3793,hotel_336
3729,guest_3794,hotel_80
3730,guest_3796,hotel_154
3731,guest_3797,hotel_355
3732,guest_3798,hotel_141
3733,guest_3799,hotel_336
3734,guest_3800,hotel_331
3735,guest_3801,hotel_80
3736,guest_3802,hotel_282
3737,guest_3803,hotel_355
3738,guest_3804,hotel_60
3739,guest_3805,hotel_222
3740,guest_3806,hotel_11
3741,guest_3807,hotel_60
3742,guest_3808,hotel_373
3743,guest_3809,hotel_326
3744,guest_3810,hotel_331
3745,guest_3811,hotel_191
3746,guest_3812,hotel_72
3747,guest_3814,hotel_282
3748,guest_3815,hotel_178
3749,guest_3816,hotel_229
3750,guest_3817,hotel_60
3751,guest_3818,hotel_267
3752,guest_3819,hotel_11
3753,guest_3820,hotel_87
3754,guest_3821,hotel_393
3755,guest_3822,hotel_191
3756,guest_3823,hotel_124
3757,guest_3824,hotel_178
3758,guest_3825,hotel_117
3759,guest_3826,hotel_282
3760,guest_3827,hotel_225
3761,guest_3828,hotel_80
3762,guest_3829,hotel_355
3763,guest_3830,hotel_282
3764,guest_3831,hotel_331
3765,guest_3833,hotel_326
3766,guest_3834,hotel_336
3767,guest_3835,hotel_111
3768,guest_3836,hotel_276
3769,guest_3837,hotel_326
3770,guest_3838,hotel_276
3771,guest_3839,hotel_82
3772,guest_3840,hotel_293
3773,guest_3841,hotel_263
3774,guest_3842,hotel_11
3775,guest_3843,hotel_115
3776,guest_3844,hotel_331
3777,guest_3845,hotel_267
3778,guest_3846,hotel_336
3779,guest_3847,hotel_336
3780,guest_3848,hotel_331
3781,guest_3849,hotel_336
3782,guest_3850,hotel_326
3783,guest_3851,hotel_154
3784,guest_3852,hotel_81
3785,guest_3853,hotel_265
3786,guest_3854,hotel_154
3787,guest_3855,hotel_340
3788,guest_3856,hotel_199
3789,guest_3857,hotel_368
3790,guest_3858,hotel_263
3791,guest_3859,hotel_80
3792,guest_3860,hotel_60
3793,guest_3861,hotel_368
3794,guest_3862,hotel_331
3795,guest_3863,hotel_81
3796,guest_3864,hotel_276
3797,guest_3865,hotel_393
3798,guest_3866,hotel_237
3799,guest_3867,hotel_282
3800,guest_3868,hotel_80
3801,guest_3869,hotel_115
3802,guest_3870,hotel_124
3803,guest_3871,hotel_293
3804,guest_3872,hotel_229
3805,guest_3873,hotel_41
3806,guest_3874,hotel_237
3807,guest_3875,hotel_199
3808,guest_3876,hotel_282
3809,guest_3877,hotel_293
3810,guest_3878,hotel_340
3811,guest_3879,hotel_199
3812,guest_3880,hotel_237
3813,guest_3881,hotel_277
3814,guest_3882,hotel_115
3815,guest_3883,hotel_162
3816,guest_3884,hotel_111
3817,guest_3885,hotel_81
3818,guest_3886,hotel_331
3819,guest_3887,hotel_106
3820,guest_3888,hotel_115
3821,guest_3889,hotel_229
3822,guest_3891,hotel_293
3823,guest_3892,hotel_276
3824,guest_3893,hotel_375
3825,guest_3894,hotel_331
3826,guest_3895,hotel_111
3827,guest_3896,hotel_331
3828,guest_3897,hotel_115
3829,guest_3898,hotel_44
3830,guest_3899,hotel_147
3831,guest_3900,hotel_276
3832,guest_3901,hotel_115
3833,guest_3902,hotel_265
3834,guest_3903,hotel_147
3835,guest_3904,hotel_239
3836,guest_3905,hotel_399
3837,guest_3906,hotel_81
3838,guest_3907,hotel_293
3839,guest_3908,hotel_381
3840,guest_3909,hotel_124
3841,guest_3910,hotel_191
3842,guest_3911,hotel_277
3843,guest_3912,hotel_282
3844,guest_3913,hotel_308
3845,guest_3914,hotel_107
3846,guest_3915,hotel_141
3847,guest_3916,hotel_307
3848,guest_3917,hotel_373
3849,guest_3918,hotel_44
3850,guest_3919,hotel_191
3851,guest_3920,hotel_367
3852,guest_3921,hotel_162
3853,guest_3922,hotel_277
3854,guest_3923,hotel_185
3855,guest_3924,hotel_393
3856,guest_3926,hotel_178
3857,guest_3927,hotel_131
3858,guest_3928,hotel_233
3859,guest_3929,hotel_131
3860,guest_3930,hotel_379
3861,guest_3932,hotel_331
3862,guest_3933,hotel_213
3863,guest_3934,hotel_229
3864,guest_3935,hotel_147
3865,guest_3937,hotel_178
3866,guest_3938,hotel_191
3867,guest_3939,hotel_270
3868,guest_3940,hotel_74
3869,guest_3941,hotel_237
3870,guest_3942,hotel_95
3871,guest_3943,hotel_85
3872,guest_3944,hotel_131
3873,guest_3945,hotel_149
3874,guest_3946,hotel_311
3875,guest_3947,hotel_237
3876,guest_3948,hotel_298
3877,guest_3949,hotel_352
3878,guest_3950,hotel_314
3879,guest_3951,hotel_225
3880,guest_3952,hotel_131
3881,guest_3954,hotel_373
3882,guest_3955,hotel_282
3883,guest_3956,hotel_82
3884,guest_3957,hotel_149
3885,guest_3959,hotel_48
3886,guest_3960,hotel_282
3887,guest_3961,hotel_115
3888,guest_3962,hotel_229
3889,guest_3963,hotel_124
3890,guest_3964,hotel_73
3891,guest_3965,hotel_73
3892,guest_3966,hotel_178
3893,guest_3967,hotel_81
3894,guest_3968,hotel_253
3895,guest_3969,hotel_373
3896,guest_3971,hotel_368
3897,guest_3972,hotel_379
3898,guest_3973,hotel_282
3899,guest_3974,hotel_81
3900,guest_3975,hotel_312
3901,guest_3976,hotel_178
3902,guest_3977,hotel_311
3903,guest_3978,hotel_147
3904,guest_3979,hotel_41
3905,guest_3980,hotel_368
3906,guest_3981,hotel_178
3907,guest_3982,hotel_127
3908,guest_3983,hotel_307
3909,guest_3984,hotel_237
3910,guest_3985,hotel_44
3911,guest_3986,hotel_147
3912,guest_3987,hotel_115
3913,guest_3988,hotel_147
3914,guest_3989,hotel_368
3915,guest_3990,hotel_276
3916,guest_3991,hotel_373
3917,guest_3992,hotel_147
3918,guest_3994,hotel_373
3919,guest_3995,hotel_229
3920,guest_3996,hotel_115
3921,guest_3997,hotel_147
3922,guest_3998,hotel_368
3923,guest_3999,hotel_311
3924,guest_4000,hotel_81
